"";"T2";"T3";"T4";"T5A";"T5B";"T6M1";"T6M2";"T6M3";"T6M4";"T6M5";"T6M6";"T6M7";"T6M8";"T6M9";"T6M10";"T7M1";"T7M2";"T7M3";"T7M4";"T7M5";"T7M6";"T7M7";"T7M8";"T7M9";"T7M10";"T8M1";"T8M2";"T8M3";"T8M4";"T8M5";"T8M6";"T8M7";"T8M8";"T8M9";"T8M10";"T9M1";"T9M2";"T9M3";"T9M4";"T9M5";"T9M6";"T9M7";"T9M8";"T9M9";"T9M10";"T10M1";"T10M2";"T10M3";"T10M4";"T10M5";"T10M6";"T10M7";"T10M8";"T10M9";"T10M10";"T11M1";"T11M2";"T11M3";"T11M4";"T11M5";"T11M6";"T11M7";"T11M8";"T11M9";"T11M10";"T12M1";"T12M2";"T12M3";"T12M4";"T12M5";"T12M6";"T12M7";"T12M8";"T12M9";"T12M10";"T13M1";"T13M2";"T13M3";"T14M1";"T14M2";"T14M3";"T14M4";"T14M5";"T14M6";"T14M7";"T14M8";"T14M9";"T14M10";"T3LB";"T4LB";"T5ALB";"T5BLB";"T2A1";"T2LBL"
"1";1969;104;104;140;140;106;108;NA;NA;NA;NA;NA;NA;NA;NA;103;110;NA;NA;NA;NA;NA;NA;NA;NA;NA;NA;3;NA;NA;5;NA;3;NA;5;101;102;103;107;109;NA;NA;NA;NA;NA;102;103;104;107;109;110;NA;NA;NA;NA;5;5;3;2;5;4;4;4;5;1;3;1;3;NA;NA;NA;5;NA;4;NA;105;101;102;3;5;3;9;5;10;10;2;1;6;"Średnie ogólne";"Właściciel";"100.01 - 250 ha";"100.01 - 250 ha";53;"51 - 60"
"2";1989;104;103;8;8;999;NA;NA;NA;NA;NA;NA;NA;NA;NA;NA;NA;NA;NA;NA;NA;NA;NA;NA;NA;NA;NA;NA;NA;NA;NA;NA;NA;NA;NA;101;102;109;110;NA;NA;NA;NA;NA;NA;101;103;104;106;107;108;109;NA;NA;NA;5;4;4;5;5;2;5;3;3;4;4;5;NA;NA;NA;NA;NA;NA;2;4;108;NA;NA;9;5;9;6;6;4;9;7;6;2;"Średnie ogólne";"Agronom ekspert";"mniej niż 25 ha";"mniej niż 25 ha";33;"31 - 40"
"3";1992;104;102;150;150;108;101;114;NA;NA;NA;NA;NA;NA;NA;103;107;110;NA;NA;NA;NA;NA;NA;NA;2;NA;1;NA;NA;NA;5;4;NA;2;103;104;105;109;110;NA;NA;NA;NA;NA;101;104;107;NA;NA;NA;NA;NA;NA;NA;5;4;2;5;4;3;4;4;4;2;NA;NA;2;3;5;NA;NA;NA;5;1;110;104;101;6;5;9;5;8;4;9;2;8;7;"Średnie ogólne";"Główny agronom";"100.01 - 250 ha";"100.01 - 250 ha";30;"mniej niż 30"
"4";1992;104;102;455;455;101;108;102;119;NA;NA;NA;NA;NA;NA;102;103;104;105;107;NA;NA;NA;NA;NA;4;4;4;1;3;NA;5;3;NA;NA;101;102;103;104;106;108;NA;NA;NA;NA;101;103;NA;NA;NA;NA;NA;NA;NA;NA;2;5;1;3;4;4;1;1;3;999;5;1;4;5;NA;1;NA;5;NA;NA;106;102;NA;2;4;9;6;7;5;9;4;9;7;"Średnie ogólne";"Główny agronom";"więcej niż 250 ha";"więcej niż 250 ha";30;"mniej niż 30"
"5";1990;104;104;33;33;102;101;108;112;117;105;116;NA;NA;NA;102;106;107;NA;NA;NA;NA;NA;NA;NA;4;4;NA;NA;2;2;4;3;NA;NA;101;102;103;105;107;108;NA;NA;NA;NA;103;104;106;107;NA;NA;NA;NA;NA;NA;1;5;4;4;4;4;1;5;1;2;2;2;4;NA;3;NA;2;2;NA;NA;107;110;NA;9;9;8;4;9;4;4;10;9;2;"Średnie ogólne";"Właściciel";"25.01 - 50 ha";"25.01 - 50 ha";32;"31 - 40"
"6";1995;104;102;41;41;111;NA;NA;NA;NA;NA;NA;NA;NA;NA;101;102;103;104;105;107;NA;NA;NA;NA;2;3;1;2;1;NA;2;NA;NA;NA;101;102;103;104;106;107;108;NA;NA;NA;101;102;103;106;108;NA;NA;NA;NA;NA;1;3;5;4;4;4;1;4;3;4;5;2;2;1;NA;4;5;5;NA;NA;109;103;102;9;0;7;9;7;4;8;3;2;1;"Średnie ogólne";"Główny agronom";"25.01 - 50 ha";"25.01 - 50 ha";27;"mniej niż 30"
"7";1973;102;102;120;120;108;101;118;116;105;103;NA;NA;NA;NA;102;103;104;105;106;107;NA;NA;NA;NA;1;5;3;4;1;4;3;3;NA;NA;101;102;103;104;108;NA;NA;NA;NA;NA;101;102;103;105;NA;NA;NA;NA;NA;NA;1;5;1;4;4;4;1;5;2;4;4;2;5;1;NA;NA;NA;3;NA;NA;104;106;109;9;7;9;7;4;9;9;4;2;7;"Wyższe";"Główny agronom";"100.01 - 250 ha";"100.01 - 250 ha";49;"41 - 50"
"8";1972;104;104;135;135;103;106;108;105;102;NA;NA;NA;NA;NA;101;102;104;106;107;108;109;NA;NA;NA;1;3;2;1;1;2;3;5;4;NA;101;102;103;104;105;106;107;NA;NA;NA;101;104;106;108;NA;NA;NA;NA;NA;NA;5;5;1;1;3;2;1;1;4;5;1;1;3;1;3;5;4;NA;NA;NA;107;104;105;3;7;3;1;3;6;3;9;10;3;"Średnie ogólne";"Właściciel";"100.01 - 250 ha";"100.01 - 250 ha";50;"41 - 50"
"9";1945;103;104;448;448;108;101;NA;NA;NA;NA;NA;NA;NA;NA;NA;NA;NA;NA;NA;NA;NA;NA;NA;NA;999;NA;NA;NA;NA;NA;NA;5;NA;NA;101;102;103;106;107;108;NA;NA;NA;NA;102;103;105;106;107;NA;NA;NA;NA;NA;5;5;5;5;4;5;4;3;5;2;5;4;1;NA;NA;5;3;5;NA;NA;106;103;NA;10;5;9;4;8;9;10;2;6;2;"Średnie techniczne";"Właściciel";"więcej niż 250 ha";"więcej niż 250 ha";77;"powyżej 60"
"10";1986;104;104;700,1;770;999;NA;NA;NA;NA;NA;NA;NA;NA;NA;105;NA;NA;NA;NA;NA;NA;NA;NA;NA;NA;NA;NA;NA;2;NA;NA;NA;NA;NA;101;102;103;105;NA;NA;NA;NA;NA;NA;101;102;105;106;109;NA;NA;NA;NA;NA;5;2;1;4;1;3;4;2;3;2;1;3;1;NA;1;NA;NA;NA;NA;NA;109;107;NA;5;10;6;3;5;3;4;5;3;8;"Średnie ogólne";"Właściciel";"więcej niż 250 ha";"więcej niż 250 ha";36;"31 - 40"
"11";1956;104;102;50;50;999;NA;NA;NA;NA;NA;NA;NA;NA;NA;103;104;107;NA;NA;NA;NA;NA;NA;NA;NA;NA;4;4;NA;NA;5;NA;NA;NA;101;102;103;106;NA;NA;NA;NA;NA;NA;102;103;104;107;108;NA;NA;NA;NA;NA;5;5;5;5;4;4;5;1;1;3;2;5;5;NA;NA;3;NA;NA;NA;NA;101;105;NA;4;9;3;4;9;1;5;9;3;6;"Średnie ogólne";"Główny agronom";"25.01 - 50 ha";"25.01 - 50 ha";66;"powyżej 60"
"12";1974;103;105;121;121;112;106;101;108;117;105;NA;NA;NA;NA;102;103;104;106;107;109;110;NA;NA;NA;4;4;2;5;4;1;5;2;4;4;101;102;103;104;105;106;107;108;NA;NA;101;102;103;104;105;NA;NA;NA;NA;NA;1;5;5;5;1;2;4;1;2;3;5;3;2;4;3;3;4;3;NA;NA;200;NA;NA;7;6;5;4;9;9;9;6;4;1;"Średnie techniczne";"Pracownik techniczny";"100.01 - 250 ha";"100.01 - 250 ha";48;"41 - 50"
"13";1977;103;104;6;6;999;NA;NA;NA;NA;NA;NA;NA;NA;NA;103;104;105;106;107;NA;NA;NA;NA;NA;NA;NA;1;2;5;3;1;NA;NA;NA;102;103;105;106;109;110;NA;NA;NA;NA;101;102;103;105;108;NA;NA;NA;NA;NA;2;5;5;3;1;4;4;5;1;5;NA;3;4;NA;1;2;NA;NA;4;1;109;102;103;6;7;4;2;6;0;7;5;4;6;"Średnie techniczne";"Właściciel";"mniej niż 25 ha";"mniej niż 25 ha";45;"41 - 50"
"14";1994;104;101;420;420;119;105;NA;NA;NA;NA;NA;NA;NA;NA;NA;NA;NA;NA;NA;NA;NA;NA;NA;NA;NA;NA;NA;NA;3;NA;NA;NA;NA;NA;101;102;103;104;106;107;NA;NA;NA;NA;101;102;104;106;108;NA;NA;NA;NA;NA;5;3;5;5;1;4;5;3;1;2;4;3;2;1;NA;1;5;NA;NA;NA;104;110;NA;6;8;5;6;6;10;9;8;10;7;"Średnie ogólne";"Dyrektor/wicedyrektor";"więcej niż 250 ha";"więcej niż 250 ha";28;"mniej niż 30"
"15";1990;104;102;27;27;108;105;102;101;NA;NA;NA;NA;NA;NA;101;102;103;104;105;106;107;NA;NA;NA;4;3;4;2;5;3;4;2;NA;NA;101;102;103;104;105;106;107;108;110;NA;102;103;104;105;107;108;NA;NA;NA;NA;2;5;1;5;4;5;1;4;2;4;3;4;1;4;4;3;4;2;NA;5;110;101;NA;10;8;10;4;7;8;7;9;10;5;"Średnie ogólne";"Główny agronom";"25.01 - 50 ha";"25.01 - 50 ha";32;"31 - 40"
"16";1985;104;104;180;180;101;108;102;NA;NA;NA;NA;NA;NA;NA;101;105;106;108;NA;NA;NA;NA;NA;NA;1;1;NA;NA;3;4;NA;2;NA;NA;102;104;106;107;108;NA;NA;NA;NA;NA;101;102;103;104;108;NA;NA;NA;NA;NA;5;2;4;4;5;3;4;3;3;2;NA;5;NA;4;NA;4;1;4;NA;NA;105;101;103;2;5;1;2;4;8;2;8;8;5;"Średnie ogólne";"Właściciel";"100.01 - 250 ha";"100.01 - 250 ha";37;"31 - 40"
"17";1989;103;104;126;126;999;NA;NA;NA;NA;NA;NA;NA;NA;NA;102;103;105;106;NA;NA;NA;NA;NA;NA;NA;1;1;NA;5;2;NA;NA;NA;NA;101;102;103;104;105;106;107;108;109;NA;101;103;104;105;106;NA;NA;NA;NA;NA;5;5;4;4;2;3;4;3;3;2;5;2;1;3;4;1;1;2;4;NA;105;102;104;2;8;8;2;7;5;9;0;9;9;"Średnie techniczne";"Właściciel";"100.01 - 250 ha";"100.01 - 250 ha";33;"31 - 40"
"18";1968;104;103;130;130;117;108;101;102;NA;NA;NA;NA;NA;NA;102;104;106;107;110;NA;NA;NA;NA;NA;2;3;NA;2;NA;3;4;5;NA;1;101;102;103;105;106;107;NA;NA;NA;NA;101;104;106;NA;NA;NA;NA;NA;NA;NA;2;5;5;5;1;4;1;4;3;2;4;1;1;NA;3;4;1;NA;NA;NA;108;102;NA;9;3;5;7;9;9;7;9;2;3;"Średnie ogólne";"Agronom ekspert";"100.01 - 250 ha";"100.01 - 250 ha";54;"51 - 60"
"19";1959;103;104;65;65;999;NA;NA;NA;NA;NA;NA;NA;NA;NA;101;102;103;104;105;106;108;NA;NA;NA;5;5;2;3;3;4;NA;1;NA;NA;101;102;104;105;107;108;NA;NA;NA;NA;101;103;104;105;106;108;NA;NA;NA;NA;5;5;5;4;4;1;5;4;4;2;4;5;NA;1;1;NA;5;2;NA;NA;102;110;105;8;8;6;4;4;7;7;2;5;1;"Średnie techniczne";"Właściciel";"50.01 - 100 ha";"50.01 - 100 ha";63;"powyżej 60"
"20";1961;104;102;31;31;999;NA;NA;NA;NA;NA;NA;NA;NA;NA;102;103;104;105;106;107;109;NA;NA;NA;NA;2;4;1;4;3;999;NA;4;NA;101;102;103;104;106;108;NA;NA;NA;NA;101;106;NA;NA;NA;NA;NA;NA;NA;NA;1;5;4;5;5;3;1;1;1;1;5;1;2;1;NA;2;NA;2;NA;NA;110;NA;NA;9;6;9;6;8;8;7;4;2;8;"Średnie ogólne";"Główny agronom";"25.01 - 50 ha";"25.01 - 50 ha";61;"powyżej 60"
"21";1994;104;104;7;7;117;118;NA;NA;NA;NA;NA;NA;NA;NA;103;104;107;109;NA;NA;NA;NA;NA;NA;NA;NA;2;5;NA;NA;999;NA;4;NA;101;102;103;104;105;106;108;NA;NA;NA;101;103;105;106;107;NA;NA;NA;NA;NA;1;5;4;4;4;5;1;4;1;2;1;2;1;2;2;4;NA;4;NA;NA;110;102;NA;10;7;0;1;6;9;1;8;9;999;"Średnie ogólne";"Właściciel";"mniej niż 25 ha";"mniej niż 25 ha";28;"mniej niż 30"
"22";1980;104;102;450,1;500;108;105;101;NA;NA;NA;NA;NA;NA;NA;101;102;103;105;106;108;NA;NA;NA;NA;2;2;1;NA;2;5;NA;1;NA;NA;101;102;103;105;106;107;108;NA;NA;NA;101;103;104;105;107;108;NA;NA;NA;NA;2;5;1;1;2;3;4;3;5;2;5;2;2;NA;2;2;1;2;NA;NA;102;107;104;7;6;2;6;9;9;4;10;9;9;"Średnie ogólne";"Główny agronom";"więcej niż 250 ha";"więcej niż 250 ha";42;"41 - 50"
"23";1957;104;101;100;100;106;105;102;101;116;NA;NA;NA;NA;NA;102;103;104;105;106;107;NA;NA;NA;NA;3;3;1;3;4;3;3;NA;NA;NA;101;102;103;104;105;107;110;NA;NA;NA;101;102;103;104;105;107;108;NA;NA;NA;1;5;5;5;5;2;4;4;4;1;2;5;1;3;2;NA;3;NA;NA;3;200;NA;NA;7;5;9;8;5;10;0;7;5;1;"Średnie ogólne";"Dyrektor/wicedyrektor";"50.01 - 100 ha";"50.01 - 100 ha";65;"powyżej 60"
"24";1968;104;101;55;55;108;102;104;101;NA;NA;NA;NA;NA;NA;101;106;NA;NA;NA;NA;NA;NA;NA;NA;2;3;NA;3;NA;3;NA;1;NA;NA;101;105;106;107;108;NA;NA;NA;NA;NA;101;103;105;106;107;108;NA;NA;NA;NA;2;5;4;5;1;2;4;4;2;5;5;NA;NA;NA;5;3;4;3;NA;NA;101;105;NA;9;10;3;7;2;8;3;2;3;4;"Średnie ogólne";"Dyrektor/wicedyrektor";"50.01 - 100 ha";"50.01 - 100 ha";54;"51 - 60"
"25";1966;103;101;200;200;999;NA;NA;NA;NA;NA;NA;NA;NA;NA;102;103;104;105;106;107;110;NA;NA;NA;NA;5;2;5;4;3;4;NA;NA;3;101;102;105;108;NA;NA;NA;NA;NA;NA;101;103;106;108;NA;NA;NA;NA;NA;NA;1;5;4;4;1;3;4;2;5;5;4;1;NA;NA;4;NA;NA;5;NA;NA;103;101;NA;3;4;2;9;9;10;9;9;10;6;"Średnie techniczne";"Dyrektor/wicedyrektor";"100.01 - 250 ha";"100.01 - 250 ha";56;"51 - 60"
"26";1976;104;104;100;100;999;NA;NA;NA;NA;NA;NA;NA;NA;NA;101;102;NA;NA;NA;NA;NA;NA;NA;NA;2;5;NA;NA;NA;NA;NA;NA;NA;NA;101;102;103;105;107;NA;NA;NA;NA;NA;101;102;103;104;105;106;107;108;NA;NA;5;2;5;5;5;2;1;4;4;3;4;5;2;NA;4;NA;5;NA;NA;NA;109;103;NA;7;9;10;5;4;10;2;3;3;10;"Średnie ogólne";"Właściciel";"50.01 - 100 ha";"50.01 - 100 ha";46;"41 - 50"
"27";1971;103;105;22;22;108;101;NA;NA;NA;NA;NA;NA;NA;NA;102;103;104;107;NA;NA;NA;NA;NA;NA;2;3;2;3;NA;NA;2;2;NA;NA;102;103;104;105;106;107;108;NA;NA;NA;102;103;104;105;106;NA;NA;NA;NA;NA;1;5;5;4;2;3;4;1;1;5;NA;1;1;3;2;2;1;3;NA;NA;107;102;110;8;6;1;7;7;9;5;5;5;7;"Średnie techniczne";"Pracownik techniczny";"mniej niż 25 ha";"mniej niż 25 ha";51;"51 - 60"
"28";1966;104;101;10;10;108;101;102;104;NA;NA;NA;NA;NA;NA;101;102;103;104;105;107;NA;NA;NA;NA;3;2;3;4;3;NA;1;3;NA;NA;101;102;103;104;105;106;107;NA;NA;NA;101;103;106;107;NA;NA;NA;NA;NA;NA;3;4;3;4;3;2;4;3;4;3;5;5;3;3;2;5;2;NA;NA;NA;110;101;NA;10;9;6;0;5;1;7;5;8;6;"Średnie ogólne";"Dyrektor/wicedyrektor";"mniej niż 25 ha";"mniej niż 25 ha";56;"51 - 60"
"29";1971;104;105;7;7;101;103;108;NA;NA;NA;NA;NA;NA;NA;101;102;103;107;108;NA;NA;NA;NA;NA;5;3;2;NA;NA;NA;4;3;NA;NA;101;102;103;104;107;NA;NA;NA;NA;NA;102;105;106;108;109;NA;NA;NA;NA;NA;4;4;5;5;5;4;1;4;4;2;2;5;2;2;NA;NA;5;NA;NA;NA;107;NA;NA;8;9;8;10;1;5;4;8;3;8;"Średnie ogólne";"Pracownik techniczny";"mniej niż 25 ha";"mniej niż 25 ha";51;"51 - 60"
"30";1995;104;104;25;25;101;108;104;106;103;118;NA;NA;NA;NA;103;104;106;107;110;NA;NA;NA;NA;NA;3;NA;4;3;NA;3;2;4;NA;1;101;103;104;105;106;108;NA;NA;NA;NA;101;103;105;NA;NA;NA;NA;NA;NA;NA;5;3;1;4;1;5;4;5;2;3;3;NA;4;2;1;1;NA;1;NA;NA;105;NA;NA;10;1;1;3;8;10;6;5;10;10;"Średnie ogólne";"Właściciel";"mniej niż 25 ha";"mniej niż 25 ha";27;"mniej niż 30"
"31";1960;104;105;70;70;999;NA;NA;NA;NA;NA;NA;NA;NA;NA;103;104;105;106;107;109;NA;NA;NA;NA;NA;NA;3;1;2;3;1;NA;2;NA;101;102;103;105;109;NA;NA;NA;NA;NA;101;102;106;110;NA;NA;NA;NA;NA;NA;5;3;5;5;5;2;5;2;3;1;2;3;1;NA;1;NA;NA;NA;4;NA;103;NA;NA;9;8;5;2;9;2;7;1;5;1;"Średnie ogólne";"Pracownik techniczny";"50.01 - 100 ha";"50.01 - 100 ha";62;"powyżej 60"
"32";1976;101;104;20;20;108;102;101;105;NA;NA;NA;NA;NA;NA;101;107;NA;NA;NA;NA;NA;NA;NA;NA;4;3;NA;NA;3;NA;4;3;NA;NA;101;102;104;105;107;NA;NA;NA;NA;NA;101;102;104;105;106;107;108;NA;NA;NA;5;5;2;5;4;1;1;1;1;1;2;4;NA;2;1;NA;2;NA;NA;NA;101;106;NA;9;7;9;0;3;8;10;4;5;4;"Wyższe rolnicze";"Właściciel";"mniej niż 25 ha";"mniej niż 25 ha";46;"41 - 50"
"33";1965;102;102;670;370;108;101;104;NA;NA;NA;NA;NA;NA;NA;103;105;106;107;NA;NA;NA;NA;NA;NA;3;NA;5;5;5;2;2;2;NA;NA;101;102;103;104;105;107;NA;NA;NA;NA;101;102;103;104;106;107;108;NA;NA;NA;5;5;4;1;4;4;1;1;1;2;5;1;3;1;1;NA;3;NA;NA;NA;107;101;102;3;4;2;9;9;2;10;2;0;9;"Wyższe";"Główny agronom";"więcej niż 250 ha";"więcej niż 250 ha";57;"51 - 60"
"34";1984;104;104;105;105;119;105;NA;NA;NA;NA;NA;NA;NA;NA;101;102;103;104;105;106;107;108;NA;NA;4;1;1;4;5;4;4;5;NA;NA;101;102;103;106;108;NA;NA;NA;NA;NA;101;103;104;107;NA;NA;NA;NA;NA;NA;1;1;5;5;3;2;1;4;1;3;3;2;3;NA;NA;3;NA;1;NA;NA;110;101;NA;10;7;4;6;9;5;7;7;0;10;"Średnie ogólne";"Właściciel";"100.01 - 250 ha";"100.01 - 250 ha";38;"31 - 40"
"35";1983;104;104;1100;1150;108;101;118;116;105;103;NA;NA;NA;NA;103;105;106;107;108;NA;NA;NA;NA;NA;3;NA;3;NA;3;4;2;3;NA;NA;101;102;103;105;106;NA;NA;NA;NA;NA;101;102;103;104;105;NA;NA;NA;NA;NA;3;5;5;1;2;3;1;2;3;5;4;4;4;NA;3;3;NA;NA;NA;NA;105;103;NA;2;9;10;0;7;3;1;9;4;9;"Średnie ogólne";"Właściciel";"więcej niż 250 ha";"więcej niż 250 ha";39;"31 - 40"
"36";1958;104;103;270;270;108;105;106;101;NA;NA;NA;NA;NA;NA;NA;NA;NA;NA;NA;NA;NA;NA;NA;NA;4;NA;NA;NA;1;4;NA;3;NA;NA;101;102;104;106;107;108;NA;NA;NA;NA;101;103;107;NA;NA;NA;NA;NA;NA;NA;2;4;5;2;4;3;1;4;1;2;3;4;NA;2;NA;4;1;4;NA;NA;102;NA;NA;7;9;4;4;8;2;2;4;4;0;"Średnie ogólne";"Agronom ekspert";"więcej niż 250 ha";"więcej niż 250 ha";64;"powyżej 60"
"37";1966;104;103;67;67;999;NA;NA;NA;NA;NA;NA;NA;NA;NA;101;102;103;104;105;106;107;108;109;110;4;4;1;4;2;2;4;4;3;2;101;102;103;105;108;NA;NA;NA;NA;NA;101;102;103;104;106;NA;NA;NA;NA;NA;2;2;3;5;4;1;4;4;2;5;5;4;4;NA;4;NA;NA;2;NA;NA;101;106;105;7;2;8;10;4;5;4;6;1;0;"Średnie ogólne";"Agronom ekspert";"50.01 - 100 ha";"50.01 - 100 ha";56;"51 - 60"
"38";1975;104;103;10;10;108;101;105;102;NA;NA;NA;NA;NA;NA;101;102;103;104;105;106;107;108;NA;NA;4;3;5;4;4;2;4;2;NA;NA;102;103;105;106;107;108;NA;NA;NA;NA;101;102;105;106;107;108;NA;NA;NA;NA;5;2;1;5;5;2;4;1;3;1;NA;5;1;NA;5;5;3;4;NA;NA;104;107;108;9;10;1;1;10;8;7;6;5;2;"Średnie ogólne";"Agronom ekspert";"mniej niż 25 ha";"mniej niż 25 ha";47;"41 - 50"
"39";1970;104;104;1350;1350;115;108;NA;NA;NA;NA;NA;NA;NA;NA;NA;NA;NA;NA;NA;NA;NA;NA;NA;NA;NA;NA;NA;NA;NA;NA;NA;3;NA;NA;101;102;103;105;107;NA;NA;NA;NA;NA;101;103;105;107;NA;NA;NA;NA;NA;NA;4;5;5;3;5;4;4;5;2;1;4;3;5;NA;1;NA;3;NA;NA;NA;101;106;NA;5;2;4;8;6;10;9;7;6;3;"Średnie ogólne";"Właściciel";"więcej niż 250 ha";"więcej niż 250 ha";52;"51 - 60"
"40";1969;103;103;35,6;35,6;115;108;114;112;117;NA;NA;NA;NA;NA;103;105;106;NA;NA;NA;NA;NA;NA;NA;NA;NA;1;NA;2;1;NA;2;NA;NA;101;102;103;110;NA;NA;NA;NA;NA;NA;101;102;103;104;106;NA;NA;NA;NA;NA;2;4;3;2;3;4;1;4;1;5;1;3;3;NA;NA;NA;NA;NA;NA;4;108;NA;NA;1;8;6;9;8;10;1;1;3;7;"Średnie techniczne";"Agronom ekspert";"25.01 - 50 ha";"25.01 - 50 ha";53;"51 - 60"
"41";1978;104;105;500;500;111;NA;NA;NA;NA;NA;NA;NA;NA;NA;101;102;103;104;105;106;108;NA;NA;NA;2;2;3;2;4;4;NA;3;NA;NA;102;103;104;106;107;108;NA;NA;NA;NA;101;102;103;105;107;NA;NA;NA;NA;NA;5;1;5;2;1;4;2;2;1;2;NA;3;4;5;NA;3;2;2;NA;NA;109;104;NA;4;9;1;7;10;2;9;1;6;8;"Średnie ogólne";"Pracownik techniczny";"więcej niż 250 ha";"więcej niż 250 ha";44;"41 - 50"
"42";1981;104;105;950;950;105;108;NA;NA;NA;NA;NA;NA;NA;NA;NA;NA;NA;NA;NA;NA;NA;NA;NA;NA;NA;NA;NA;NA;3;NA;NA;3;NA;NA;101;102;103;104;NA;NA;NA;NA;NA;NA;101;102;103;104;105;106;107;NA;NA;NA;3;1;5;5;3;1;4;4;1;5;4;1;3;3;NA;NA;NA;NA;NA;NA;110;109;107;9;9;9;6;4;3;7;3;0;5;"Średnie ogólne";"Pracownik techniczny";"więcej niż 250 ha";"więcej niż 250 ha";41;"41 - 50"
"43";1977;103;103;220;220;108;105;NA;NA;NA;NA;NA;NA;NA;NA;102;104;105;NA;NA;NA;NA;NA;NA;NA;NA;4;NA;2;2;NA;NA;2;NA;NA;101;102;103;106;108;NA;NA;NA;NA;NA;102;103;104;105;106;NA;NA;NA;NA;NA;5;1;4;3;4;3;3;4;1;1;2;5;4;NA;NA;3;NA;4;NA;NA;103;NA;NA;9;10;5;1;1;10;3;1;10;9;"Średnie techniczne";"Agronom ekspert";"100.01 - 250 ha";"100.01 - 250 ha";45;"41 - 50"
"44";1982;103;103;28;28;115;NA;NA;NA;NA;NA;NA;NA;NA;NA;103;104;106;107;NA;NA;NA;NA;NA;NA;NA;NA;5;5;NA;5;3;NA;NA;NA;101;103;106;107;108;NA;NA;NA;NA;NA;101;102;106;107;NA;NA;NA;NA;NA;NA;5;5;5;5;3;4;4;4;4;4;4;NA;1;NA;NA;1;5;2;NA;NA;107;106;NA;9;7;4;9;9;9;7;9;9;8;"Średnie techniczne";"Agronom ekspert";"25.01 - 50 ha";"25.01 - 50 ha";40;"31 - 40"
"45";1989;104;104;30,5;30,5;108;107;102;113;118;112;106;NA;NA;NA;101;102;103;104;105;106;107;108;NA;NA;4;5;4;5;1;1;5;4;NA;NA;101;102;103;104;105;106;108;NA;NA;NA;102;103;105;108;NA;NA;NA;NA;NA;NA;5;4;4;5;4;4;1;4;3;2;4;5;2;1;4;4;NA;1;NA;NA;104;NA;NA;10;8;9;4;6;8;9;0;8;4;"Średnie ogólne";"Właściciel";"25.01 - 50 ha";"25.01 - 50 ha";33;"31 - 40"
"46";1936;104;104;50;50;999;NA;NA;NA;NA;NA;NA;NA;NA;NA;103;104;106;107;110;NA;NA;NA;NA;NA;NA;NA;2;5;NA;2;4;NA;NA;2;101;102;103;104;105;106;107;NA;NA;NA;101;102;103;104;106;109;NA;NA;NA;NA;2;3;1;5;4;3;4;1;3;5;1;3;5;5;4;3;3;NA;NA;NA;109;101;NA;9;9;7;3;10;9;3;10;1;2;"Średnie ogólne";"Właściciel";"25.01 - 50 ha";"25.01 - 50 ha";86;"powyżej 60"
"47";1966;104;102;210;210;108;NA;NA;NA;NA;NA;NA;NA;NA;NA;101;105;NA;NA;NA;NA;NA;NA;NA;NA;4;NA;NA;NA;2;NA;NA;4;NA;NA;101;102;103;105;107;108;NA;NA;NA;NA;102;105;108;NA;NA;NA;NA;NA;NA;NA;5;4;4;4;4;4;4;5;2;1;3;3;4;NA;1;NA;5;5;NA;NA;105;109;101;10;99;9;3;5;10;2;5;7;10;"Średnie ogólne";"Główny agronom";"100.01 - 250 ha";"100.01 - 250 ha";56;"51 - 60"
"48";1981;104;104;101;90;999;NA;NA;NA;NA;NA;NA;NA;NA;NA;109;110;NA;NA;NA;NA;NA;NA;NA;NA;NA;NA;NA;NA;NA;NA;NA;NA;5;3;101;103;105;107;108;NA;NA;NA;NA;NA;101;104;105;106;110;NA;NA;NA;NA;NA;5;4;1;4;1;4;4;3;4;5;2;NA;1;NA;2;NA;2;2;NA;NA;101;102;NA;9;3;2;6;6;6;8;8;7;5;"Średnie ogólne";"Właściciel";"100.01 - 250 ha";"50.01 - 100 ha";41;"41 - 50"
"49";1954;104;104;370;370;104;114;106;108;NA;NA;NA;NA;NA;NA;101;102;104;105;106;108;109;NA;NA;NA;1;4;NA;4;2;2;NA;2;1;NA;102;103;104;105;107;NA;NA;NA;NA;NA;101;102;105;106;NA;NA;NA;NA;NA;NA;5;4;4;3;2;3;5;4;4;5;NA;3;1;2;5;NA;5;NA;NA;NA;108;107;NA;5;7;2;9;7;9;10;2;0;10;"Średnie ogólne";"Właściciel";"więcej niż 250 ha";"więcej niż 250 ha";68;"powyżej 60"
"50";1982;104;105;138;138;114;102;101;NA;NA;NA;NA;NA;NA;NA;101;102;103;104;105;106;107;108;NA;NA;2;3;3;4;2;3;3;2;NA;NA;101;102;103;104;107;108;NA;NA;NA;NA;101;102;103;106;107;NA;NA;NA;NA;NA;1;1;2;5;5;1;1;5;3;2;2;4;4;4;NA;NA;5;4;NA;NA;105;108;NA;2;9;10;6;1;9;4;4;9;10;"Średnie ogólne";"Pracownik techniczny";"100.01 - 250 ha";"100.01 - 250 ha";40;"31 - 40"
"51";1988;103;104;8;8;108;NA;NA;NA;NA;NA;NA;NA;NA;NA;103;104;105;106;107;NA;NA;NA;NA;NA;NA;NA;1;3;4;5;1;4;NA;NA;101;102;104;106;108;109;NA;NA;NA;NA;103;105;108;109;NA;NA;NA;NA;NA;NA;1;4;5;5;3;4;4;5;2;3;5;1;NA;2;NA;1;NA;1;1;NA;102;110;NA;10;2;8;5;0;6;1;9;10;6;"Średnie techniczne";"Właściciel";"mniej niż 25 ha";"mniej niż 25 ha";34;"31 - 40"
"52";1960;104;104;460;460;103;108;101;102;106;NA;NA;NA;NA;NA;101;102;103;107;NA;NA;NA;NA;NA;NA;4;5;5;NA;NA;3;5;2;NA;NA;101;102;103;104;106;107;108;NA;NA;NA;104;109;110;NA;NA;NA;NA;NA;NA;NA;2;3;1;3;4;3;4;3;3;3;5;2;5;2;NA;4;2;2;NA;NA;102;110;101;8;10;4;2;0;3;6;4;7;9;"Średnie ogólne";"Właściciel";"więcej niż 250 ha";"więcej niż 250 ha";62;"powyżej 60"
"53";1978;104;104;75;75;999;NA;NA;NA;NA;NA;NA;NA;NA;NA;101;102;103;104;105;106;107;108;NA;NA;2;2;2;2;2;5;5;4;NA;NA;101;102;103;104;105;106;107;NA;NA;NA;102;104;106;108;109;110;NA;NA;NA;NA;4;5;5;2;4;3;4;5;1;1;5;2;5;4;1;4;3;NA;NA;NA;107;108;104;7;4;3;6;6;9;9;9;10;5;"Średnie ogólne";"Właściciel";"50.01 - 100 ha";"50.01 - 100 ha";44;"41 - 50"
"54";1990;104;104;56;56;999;NA;NA;NA;NA;NA;NA;NA;NA;NA;101;102;103;104;105;106;107;108;NA;NA;4;2;3;3;5;2;2;4;NA;NA;101;103;104;106;107;108;NA;NA;NA;NA;101;102;105;106;107;NA;NA;NA;NA;NA;5;5;2;5;4;5;2;3;1;1;1;NA;1;4;NA;2;5;5;NA;NA;102;106;104;6;10;5;9;1;6;9;8;2;10;"Średnie ogólne";"Właściciel";"50.01 - 100 ha";"50.01 - 100 ha";32;"31 - 40"
"55";1980;104;103;55,3;55,3;109;NA;NA;NA;NA;NA;NA;NA;NA;NA;103;104;105;106;107;NA;NA;NA;NA;NA;NA;NA;2;5;2;3;5;NA;4;NA;101;102;103;104;108;109;110;NA;NA;NA;101;103;104;105;106;107;108;NA;NA;NA;4;5;4;2;4;3;4;5;5;1;3;5;3;1;NA;NA;NA;3;3;1;109;NA;NA;9;5;8;6;0;7;3;4;2;7;"Średnie ogólne";"Agronom ekspert";"50.01 - 100 ha";"50.01 - 100 ha";42;"41 - 50"
"56";1962;104;103;100;100;101;108;105;102;112;117;NA;NA;NA;NA;101;102;103;106;107;NA;NA;NA;NA;NA;4;5;2;NA;4;3;5;2;NA;NA;101;102;103;104;105;106;NA;NA;NA;NA;101;103;105;106;NA;NA;NA;NA;NA;NA;2;5;2;4;1;3;4;3;3;4;2;5;2;2;2;4;NA;NA;NA;NA;107;108;NA;9;1;9;7;4;9;9;7;8;6;"Średnie ogólne";"Agronom ekspert";"50.01 - 100 ha";"50.01 - 100 ha";60;"51 - 60"
"57";1977;104;104;321;321;108;101;104;103;NA;NA;NA;NA;NA;NA;102;105;106;107;NA;NA;NA;NA;NA;NA;3;4;2;2;1;2;2;3;NA;NA;103;104;105;106;NA;NA;NA;NA;NA;NA;101;102;103;104;106;108;NA;NA;NA;NA;1;4;5;5;5;2;1;2;2;3;NA;NA;3;1;1;4;NA;NA;NA;NA;104;109;107;10;4;7;4;5;9;6;1;10;6;"Średnie ogólne";"Właściciel";"więcej niż 250 ha";"więcej niż 250 ha";45;"41 - 50"
"58";1984;104;104;10;10;108;105;101;NA;NA;NA;NA;NA;NA;NA;101;102;103;104;105;106;107;NA;NA;NA;1;2;2;3;4;4;3;1;NA;NA;102;106;107;108;NA;NA;NA;NA;NA;NA;101;102;103;105;107;NA;NA;NA;NA;NA;2;5;1;5;5;2;4;2;4;1;NA;4;NA;NA;NA;5;5;2;NA;NA;102;103;NA;4;10;4;6;8;9;7;8;6;6;"Średnie ogólne";"Właściciel";"mniej niż 25 ha";"mniej niż 25 ha";38;"31 - 40"
"59";1989;104;104;53;53;101;105;106;NA;NA;NA;NA;NA;NA;NA;NA;NA;NA;NA;NA;NA;NA;NA;NA;NA;4;NA;NA;NA;1;5;NA;NA;NA;NA;101;103;107;108;NA;NA;NA;NA;NA;NA;101;103;104;105;106;107;NA;NA;NA;NA;3;5;5;5;5;4;4;3;1;5;3;NA;1;NA;NA;NA;2;5;NA;NA;106;108;103;3;10;9;1;7;8;5;0;1;8;"Średnie ogólne";"Właściciel";"50.01 - 100 ha";"50.01 - 100 ha";33;"31 - 40"
"60";1968;104;104;230;230;104;108;101;115;117;102;105;NA;NA;NA;101;102;103;104;105;106;107;NA;NA;NA;5;3;3;4;3;3;4;5;NA;NA;101;102;104;105;106;107;NA;NA;NA;NA;101;102;103;104;108;NA;NA;NA;NA;NA;5;1;5;5;5;3;2;4;1;1;4;4;NA;1;3;2;2;NA;NA;NA;101;NA;NA;4;7;7;6;9;4;8;6;6;2;"Średnie ogólne";"Właściciel";"100.01 - 250 ha";"100.01 - 250 ha";54;"51 - 60"
"61";1975;101;104;10;10;999;NA;NA;NA;NA;NA;NA;NA;NA;NA;101;102;103;104;106;107;NA;NA;NA;NA;2;5;3;3;NA;4;2;NA;NA;NA;101;102;103;104;106;107;NA;NA;NA;NA;101;103;108;NA;NA;NA;NA;NA;NA;NA;5;3;5;1;4;2;2;2;5;4;5;1;1;5;NA;3;4;NA;NA;NA;102;NA;NA;7;10;7;3;10;9;3;10;7;10;"Wyższe rolnicze";"Właściciel";"mniej niż 25 ha";"mniej niż 25 ha";47;"41 - 50"
"62";1951;104;104;69;69;116;115;NA;NA;NA;NA;NA;NA;NA;NA;102;103;104;106;107;109;110;NA;NA;NA;NA;3;3;2;NA;1;4;NA;3;5;101;102;103;105;106;NA;NA;NA;NA;NA;101;102;104;105;107;NA;NA;NA;NA;NA;4;1;3;2;5;3;5;4;4;1;1;5;4;NA;5;2;NA;NA;NA;NA;105;NA;NA;10;4;3;10;4;10;6;4;9;1;"Średnie ogólne";"Właściciel";"50.01 - 100 ha";"50.01 - 100 ha";71;"powyżej 60"
"63";1964;104;103;86;86;101;108;119;105;103;NA;NA;NA;NA;NA;101;102;105;106;108;NA;NA;NA;NA;NA;2;4;2;NA;3;3;NA;2;NA;NA;101;102;103;104;105;NA;NA;NA;NA;NA;101;102;105;NA;NA;NA;NA;NA;NA;NA;1;5;5;5;1;3;4;3;4;1;1;5;5;4;2;NA;NA;NA;NA;NA;109;103;NA;4;9;8;2;9;9;9;9;6;7;"Średnie ogólne";"Agronom ekspert";"50.01 - 100 ha";"50.01 - 100 ha";58;"51 - 60"
"64";1985;104;103;25;25;108;105;101;NA;NA;NA;NA;NA;NA;NA;101;102;103;105;107;NA;NA;NA;NA;NA;4;4;5;NA;2;NA;5;1;NA;NA;101;102;103;107;NA;NA;NA;NA;NA;NA;102;103;104;105;108;NA;NA;NA;NA;NA;5;4;5;4;4;2;4;4;2;5;1;2;1;NA;NA;NA;5;NA;NA;NA;108;NA;NA;9;8;8;5;8;10;4;8;4;5;"Średnie ogólne";"Agronom ekspert";"mniej niż 25 ha";"mniej niż 25 ha";37;"31 - 40"
"65";1991;104;105;102;102;113;NA;NA;NA;NA;NA;NA;NA;NA;NA;102;105;106;107;NA;NA;NA;NA;NA;NA;NA;3;NA;NA;5;3;2;NA;NA;NA;101;102;103;104;105;106;108;NA;NA;NA;101;102;103;104;106;NA;NA;NA;NA;NA;5;3;3;3;5;2;1;4;5;999;2;4;5;2;3;1;NA;4;NA;NA;107;105;NA;10;9;1;3;9;3;9;3;5;8;"Średnie ogólne";"Pracownik techniczny";"100.01 - 250 ha";"100.01 - 250 ha";31;"31 - 40"
"66";1996;104;105;51;51;101;103;NA;NA;NA;NA;NA;NA;NA;NA;103;104;106;107;110;NA;NA;NA;NA;NA;4;NA;2;2;NA;2;1;NA;NA;1;101;102;106;107;109;110;NA;NA;NA;NA;101;102;105;108;NA;NA;NA;NA;NA;NA;1;3;5;3;5;3;2;4;2;1;1;5;NA;NA;NA;1;1;NA;2;2;101;106;108;4;3;9;10;6;8;10;4;10;6;"Średnie ogólne";"Pracownik techniczny";"50.01 - 100 ha";"50.01 - 100 ha";26;"mniej niż 30"
"67";1984;104;103;25;25;999;NA;NA;NA;NA;NA;NA;NA;NA;NA;103;104;105;107;109;NA;NA;NA;NA;NA;NA;NA;5;4;4;NA;2;NA;5;NA;101;102;103;104;105;106;108;NA;NA;NA;101;104;108;NA;NA;NA;NA;NA;NA;NA;5;4;5;4;3;4;1;1;2;5;3;5;4;3;5;1;NA;4;NA;NA;200;NA;NA;10;2;8;6;9;9;10;5;0;6;"Średnie ogólne";"Agronom ekspert";"mniej niż 25 ha";"mniej niż 25 ha";38;"31 - 40"
"68";1994;104;104;460,1;460,1;999;NA;NA;NA;NA;NA;NA;NA;NA;NA;103;110;NA;NA;NA;NA;NA;NA;NA;NA;NA;NA;3;NA;NA;NA;NA;NA;NA;3;101;102;103;104;107;NA;NA;NA;NA;NA;102;104;105;106;107;NA;NA;NA;NA;NA;5;2;5;4;2;3;4;2;1;4;5;2;3;5;NA;NA;1;NA;NA;NA;101;NA;NA;7;10;5;6;10;10;8;9;4;5;"Średnie ogólne";"Właściciel";"więcej niż 250 ha";"więcej niż 250 ha";28;"mniej niż 30"
"69";1981;104;103;310;310;999;NA;NA;NA;NA;NA;NA;NA;NA;NA;101;102;103;104;105;106;108;NA;NA;NA;2;1;4;3;3;1;NA;3;NA;NA;101;103;104;107;108;NA;NA;NA;NA;NA;101;102;103;104;105;107;108;NA;NA;NA;2;5;4;5;5;5;1;4;2;2;5;NA;5;3;NA;NA;2;2;NA;NA;104;102;NA;6;5;6;4;9;7;6;4;2;5;"Średnie ogólne";"Agronom ekspert";"więcej niż 250 ha";"więcej niż 250 ha";41;"41 - 50"
"70";1981;104;105;50;50;114;108;NA;NA;NA;NA;NA;NA;NA;NA;102;103;104;107;108;NA;NA;NA;NA;NA;NA;2;3;2;NA;NA;1;2;NA;NA;101;102;103;104;107;108;NA;NA;NA;NA;102;103;104;106;107;108;NA;NA;NA;NA;5;5;3;5;5;3;1;3;3;4;5;4;2;2;NA;NA;2;1;NA;NA;109;NA;NA;9;4;3;6;1;2;3;4;1;8;"Średnie ogólne";"Pracownik techniczny";"25.01 - 50 ha";"25.01 - 50 ha";41;"41 - 50"
"71";1986;104;103;1200;1200;999;NA;NA;NA;NA;NA;NA;NA;NA;NA;101;102;103;104;105;106;107;108;NA;NA;3;2;1;2;4;2;2;1;NA;NA;101;102;104;107;NA;NA;NA;NA;NA;NA;101;102;103;104;105;NA;NA;NA;NA;NA;1;2;5;4;4;2;1;2;5;3;2;5;NA;3;NA;NA;3;NA;NA;NA;109;NA;NA;9;4;8;4;2;10;2;6;7;8;"Średnie ogólne";"Agronom ekspert";"więcej niż 250 ha";"więcej niż 250 ha";36;"31 - 40"
"72";1990;104;105;300;300;115;NA;NA;NA;NA;NA;NA;NA;NA;NA;101;102;103;104;105;106;107;108;NA;NA;3;4;3;3;3;5;5;2;NA;NA;101;102;103;104;105;106;108;NA;NA;NA;101;102;103;NA;NA;NA;NA;NA;NA;NA;5;1;2;4;2;4;1;2;4;2;1;2;1;2;3;1;NA;1;NA;NA;107;NA;NA;5;9;4;1;8;4;9;9;6;8;"Średnie ogólne";"Pracownik techniczny";"więcej niż 250 ha";"więcej niż 250 ha";32;"31 - 40"
"73";1990;103;105;118;100;108;105;101;NA;NA;NA;NA;NA;NA;NA;102;103;104;106;107;NA;NA;NA;NA;NA;5;4;4;2;2;3;2;4;NA;NA;101;102;103;105;106;108;109;NA;NA;NA;101;102;103;105;106;107;108;NA;NA;NA;5;4;4;4;3;3;4;4;4;2;4;4;3;NA;3;5;NA;5;2;NA;103;108;107;9;9;5;2;3;5;9;9;3;5;"Średnie techniczne";"Pracownik techniczny";"100.01 - 250 ha";"50.01 - 100 ha";32;"31 - 40"
"74";1997;104;105;111;111;114;108;NA;NA;NA;NA;NA;NA;NA;NA;101;102;103;106;107;109;NA;NA;NA;NA;4;3;3;NA;NA;2;4;4;3;NA;101;102;103;105;106;108;NA;NA;NA;NA;101;103;104;105;109;110;NA;NA;NA;NA;2;4;4;5;5;1;4;4;5;3;4;5;1;NA;2;4;NA;2;NA;NA;110;108;109;8;7;10;3;3;7;10;10;9;3;"Średnie ogólne";"Pracownik techniczny";"100.01 - 250 ha";"100.01 - 250 ha";25;"mniej niż 30"
"75";1995;104;105;66;66;108;101;118;102;105;NA;NA;NA;NA;NA;103;104;106;107;NA;NA;NA;NA;NA;NA;2;3;2;4;3;4;2;4;NA;NA;101;102;103;104;105;106;NA;NA;NA;NA;102;103;104;106;109;NA;NA;NA;NA;NA;5;4;5;4;4;2;2;4;5;2;2;4;4;1;4;5;NA;NA;NA;NA;101;NA;NA;9;7;2;1;5;7;9;9;10;1;"Średnie ogólne";"Pracownik techniczny";"50.01 - 100 ha";"50.01 - 100 ha";27;"mniej niż 30"
"76";1981;103;104;87;107;109;110;NA;NA;NA;NA;NA;NA;NA;NA;NA;NA;NA;NA;NA;NA;NA;NA;NA;NA;NA;NA;NA;NA;NA;NA;NA;NA;3;1;101;102;103;104;105;107;109;NA;NA;NA;101;103;104;110;NA;NA;NA;NA;NA;NA;5;5;3;5;1;4;1;4;3;2;3;5;1;1;1;NA;5;NA;2;NA;102;104;NA;4;5;9;5;4;9;7;8;2;0;"Średnie techniczne";"Właściciel";"50.01 - 100 ha";"100.01 - 250 ha";41;"41 - 50"
"77";1989;104;102;15;15;101;108;998;111;106;NA;NA;NA;NA;NA;102;103;104;105;107;NA;NA;NA;NA;NA;3;4;1;4;2;3;3;999;NA;NA;101;102;103;104;105;106;107;NA;NA;NA;101;103;104;106;110;NA;NA;NA;NA;NA;2;5;2;5;4;4;4;5;2;5;5;3;5;1;4;1;1;NA;NA;NA;110;109;107;3;9;9;2;6;9;3;10;8;6;"Średnie ogólne";"Główny agronom";"mniej niż 25 ha";"mniej niż 25 ha";33;"31 - 40"
"78";1969;104;101;21,4;21,4;999;NA;NA;NA;NA;NA;NA;NA;NA;NA;101;102;103;104;105;106;107;108;109;NA;4;3;4;5;4;4;3;3;4;NA;101;102;104;105;106;NA;NA;NA;NA;NA;101;102;104;105;106;107;108;109;110;NA;1;3;4;5;4;3;2;1;3;3;3;1;NA;3;5;5;NA;NA;NA;NA;103;NA;NA;7;7;4;8;8;7;10;9;9;8;"Średnie ogólne";"Dyrektor/wicedyrektor";"mniej niż 25 ha";"mniej niż 25 ha";53;"51 - 60"
"79";1981;104;105;390;390;115;109;NA;NA;NA;NA;NA;NA;NA;NA;110;NA;NA;NA;NA;NA;NA;NA;NA;NA;NA;NA;NA;NA;NA;NA;NA;NA;999;2;101;102;103;104;105;106;107;108;NA;NA;102;106;108;109;110;NA;NA;NA;NA;NA;1;2;2;4;2;3;1;2;3;1;2;3;3;3;3;1;2;1;NA;NA;101;108;NA;99;3;3;4;99;8;2;1;7;5;"Średnie ogólne";"Pracownik techniczny";"więcej niż 250 ha";"więcej niż 250 ha";41;"41 - 50"
"80";1963;104;104;45;90;108;109;105;104;NA;NA;NA;NA;NA;NA;102;101;110;NA;NA;NA;NA;NA;NA;NA;5;3;NA;1;5;NA;NA;5;2;3;103;109;106;104;101;108;NA;NA;NA;NA;110;NA;NA;NA;NA;NA;NA;NA;NA;NA;1;4;5;4;4;1;2;4;1;5;2;NA;2;5;NA;3;NA;5;3;NA;102;104;NA;10;8;8;9;6;0;9;3;0;0;"Średnie ogólne";"Właściciel";"25.01 - 50 ha";"50.01 - 100 ha";59;"51 - 60"
"81";1991;102;103;1200;1200;104;107;NA;NA;NA;NA;NA;NA;NA;NA;101;110;106;108;105;NA;NA;NA;NA;NA;2;NA;NA;5;1;3;3;1;NA;5;106;101;103;107;NA;NA;NA;NA;NA;NA;101;110;106;107;109;NA;NA;NA;NA;NA;4;2;5;3;4;5;5;1;5;5;4;NA;5;NA;NA;1;2;NA;NA;NA;107;103;NA;5;1;8;10;3;4;4;2;2;4;"Wyższe";"Agronom ekspert";"więcej niż 250 ha";"więcej niż 250 ha";31;"31 - 40"
"82";1979;104;104;900;920;109;NA;NA;NA;NA;NA;NA;NA;NA;NA;101;110;102;104;NA;NA;NA;NA;NA;NA;5;5;NA;3;NA;NA;NA;NA;4;1;108;109;107;106;110;NA;NA;NA;NA;NA;101;110;108;104;107;103;NA;NA;NA;NA;3;3;2;2;4;2;4;4;5;2;NA;NA;NA;NA;NA;5;3;4;2;4;107;102;108;8;5;3;99;0;5;2;3;4;5;"Średnie ogólne";"Właściciel";"więcej niż 250 ha";"więcej niż 250 ha";43;"41 - 50"
"83";1999;101;105;27;30;101;NA;NA;NA;NA;NA;NA;NA;NA;NA;110;102;109;104;108;103;NA;NA;NA;NA;3;5;999;1;NA;NA;NA;4;2;2;101;109;102;107;104;108;106;NA;NA;NA;109;108;104;101;105;NA;NA;NA;NA;NA;3;5;2;5;3;5;3;1;5;1;2;4;NA;3;NA;1;5;2;3;NA;108;NA;NA;0;5;3;4;1;6;2;1;3;10;"Wyższe rolnicze";"Pracownik techniczny";"25.01 - 50 ha";"25.01 - 50 ha";23;"mniej niż 30"
"84";1996;104;105;560;620;101;NA;NA;NA;NA;NA;NA;NA;NA;NA;108;102;110;NA;NA;NA;NA;NA;NA;NA;3;2;NA;NA;NA;NA;NA;4;NA;3;103;105;102;106;107;NA;NA;NA;NA;NA;108;101;110;102;109;107;104;NA;NA;NA;1;1;4;2;1;1;4;2;4;2;NA;3;1;NA;1;3;4;NA;NA;NA;200;NA;NA;1;9;9;2;10;9;9;3;6;9;"Średnie ogólne";"Pracownik techniczny";"więcej niż 250 ha";"więcej niż 250 ha";26;"mniej niż 30"
"85";1951;102;101;1700;2100;102;101;106;NA;NA;NA;NA;NA;NA;NA;110;105;109;NA;NA;NA;NA;NA;NA;NA;4;4;NA;NA;5;3;NA;NA;3;5;109;110;105;106;102;103;107;NA;NA;NA;107;108;NA;NA;NA;NA;NA;NA;NA;NA;4;1;4;3;5;4;4;3;2;3;NA;4;1;NA;1;3;4;NA;5;5;108;110;106;3;2;5;0;1;5;5;9;2;9;"Wyższe";"Dyrektor/wicedyrektor";"więcej niż 250 ha";"więcej niż 250 ha";71;"powyżej 60"
"86";1997;101;101;110;55;110;NA;NA;NA;NA;NA;NA;NA;NA;NA;101;103;109;NA;NA;NA;NA;NA;NA;NA;2;NA;1;NA;NA;NA;NA;NA;2;3;110;107;104;103;105;NA;NA;NA;NA;NA;103;105;109;108;110;NA;NA;NA;NA;NA;2;4;5;4;3;4;1;3;4;3;NA;NA;2;2;4;NA;4;NA;NA;5;107;109;NA;10;1;99;7;4;7;8;1;5;1;"Wyższe rolnicze";"Dyrektor/wicedyrektor";"100.01 - 250 ha";"50.01 - 100 ha";25;"mniej niż 30"
"87";1939;104;105;280;280;104;NA;NA;NA;NA;NA;NA;NA;NA;NA;108;107;109;NA;NA;NA;NA;NA;NA;NA;NA;NA;NA;3;NA;NA;2;2;1;NA;108;110;102;106;109;NA;NA;NA;NA;NA;105;NA;NA;NA;NA;NA;NA;NA;NA;NA;5;3;4;1;4;1;5;4;2;2;NA;1;NA;NA;NA;2;NA;4;2;4;107;109;103;2;3;3;9;4;10;1;4;8;9;"Średnie ogólne";"Pracownik techniczny";"więcej niż 250 ha";"więcej niż 250 ha";83;"powyżej 60"
"88";1963;102;101;1717;1820;103;109;110;104;NA;NA;NA;NA;NA;NA;102;NA;NA;NA;NA;NA;NA;NA;NA;NA;NA;5;3;2;NA;NA;NA;NA;1;3;101;109;103;108;110;102;NA;NA;NA;NA;102;108;109;104;107;NA;NA;NA;NA;NA;2;3;1;2;3;5;4;1;5;4;3;3;1;NA;NA;NA;NA;3;3;4;108;109;NA;10;99;10;4;9;10;2;4;2;5;"Wyższe";"Dyrektor/wicedyrektor";"więcej niż 250 ha";"więcej niż 250 ha";59;"51 - 60"
"89";1957;103;102;52;52;106;NA;NA;NA;NA;NA;NA;NA;NA;NA;102;109;107;103;104;110;NA;NA;NA;NA;NA;1;2;1;NA;5;1;NA;4;4;103;107;104;NA;NA;NA;NA;NA;NA;NA;108;104;110;105;106;NA;NA;NA;NA;NA;5;2;1;1;1;5;4;1;5;3;NA;NA;3;5;NA;NA;5;NA;NA;NA;106;NA;NA;10;10;7;4;5;7;7;4;8;4;"Średnie techniczne";"Główny agronom";"50.01 - 100 ha";"50.01 - 100 ha";65;"powyżej 60"
"90";1980;104;105;35;18,5;102;NA;NA;NA;NA;NA;NA;NA;NA;NA;104;110;108;107;103;NA;NA;NA;NA;NA;NA;2;2;2;NA;NA;2;1;NA;1;110;107;104;NA;NA;NA;NA;NA;NA;NA;104;NA;NA;NA;NA;NA;NA;NA;NA;NA;1;2;4;2;4;5;1;3;2;5;NA;NA;NA;5;NA;NA;1;NA;NA;2;102;NA;NA;5;99;3;2;9;2;7;9;6;10;"Średnie ogólne";"Pracownik techniczny";"25.01 - 50 ha";"mniej niż 25 ha";42;"41 - 50"
"91";1962;101;104;1200;1200;104;106;NA;NA;NA;NA;NA;NA;NA;NA;103;105;101;NA;NA;NA;NA;NA;NA;NA;4;NA;5;5;2;1;NA;NA;NA;NA;109;NA;NA;NA;NA;NA;NA;NA;NA;NA;110;109;NA;NA;NA;NA;NA;NA;NA;NA;4;1;1;1;4;1;3;4;1;1;NA;NA;NA;NA;NA;NA;NA;NA;1;NA;110;NA;NA;4;4;99;99;6;0;2;4;6;9;"Wyższe rolnicze";"Właściciel";"więcej niż 250 ha";"więcej niż 250 ha";60;"51 - 60"
"92";1939;103;105;167;167;110;101;109;106;NA;NA;NA;NA;NA;NA;103;105;104;NA;NA;NA;NA;NA;NA;NA;3;NA;3;1;4;4;NA;NA;1;3;110;106;101;NA;NA;NA;NA;NA;NA;NA;102;108;104;107;103;NA;NA;NA;NA;NA;1;3;4;4;5;4;1;3;4;2;5;NA;NA;NA;NA;1;NA;NA;NA;1;104;102;106;5;1;5;10;6;5;3;2;1;2;"Średnie techniczne";"Pracownik techniczny";"100.01 - 250 ha";"100.01 - 250 ha";83;"powyżej 60"
"93";1988;102;101;150;150;101;103;NA;NA;NA;NA;NA;NA;NA;NA;107;104;105;NA;NA;NA;NA;NA;NA;NA;4;NA;2;5;3;NA;3;NA;NA;NA;107;106;105;102;NA;NA;NA;NA;NA;NA;106;107;105;NA;NA;NA;NA;NA;NA;NA;3;2;5;1;2;5;5;5;2;2;NA;5;NA;NA;1;3;2;NA;NA;NA;104;106;NA;5;9;99;4;3;7;9;8;8;1;"Wyższe";"Dyrektor/wicedyrektor";"100.01 - 250 ha";"100.01 - 250 ha";34;"31 - 40"
"94";1937;102;105;450;400;104;109;NA;NA;NA;NA;NA;NA;NA;NA;107;110;108;103;102;105;NA;NA;NA;NA;NA;2;5;2;4;NA;4;5;1;1;109;102;101;108;103;107;105;NA;NA;NA;107;109;110;NA;NA;NA;NA;NA;NA;NA;2;4;5;4;1;5;4;3;2;4;3;2;5;NA;5;NA;2;5;2;NA;110;104;NA;5;5;3;8;0;1;10;5;4;9;"Wyższe";"Pracownik techniczny";"więcej niż 250 ha";"więcej niż 250 ha";85;"powyżej 60"
"95";1973;102;101;150;150;108;106;NA;NA;NA;NA;NA;NA;NA;NA;NA;NA;NA;NA;NA;NA;NA;NA;NA;NA;NA;NA;NA;NA;NA;5;NA;2;NA;NA;102;104;103;110;106;108;109;107;NA;NA;107;NA;NA;NA;NA;NA;NA;NA;NA;NA;1;1;1;4;1;5;3;3;2;4;NA;2;3;2;NA;5;5;4;5;2;110;NA;NA;7;4;2;4;6;8;6;3;4;2;"Wyższe";"Dyrektor/wicedyrektor";"100.01 - 250 ha";"100.01 - 250 ha";49;"41 - 50"
"96";1964;101;105;700;1050;107;NA;NA;NA;NA;NA;NA;NA;NA;NA;108;104;102;106;110;NA;NA;NA;NA;NA;NA;3;NA;1;NA;3;5;5;NA;5;104;101;107;110;NA;NA;NA;NA;NA;NA;105;106;107;108;NA;NA;NA;NA;NA;NA;2;3;999;2;5;1;2;4;4;4;4;NA;NA;3;NA;NA;2;NA;NA;1;107;NA;NA;2;3;9;6;6;9;7;8;7;10;"Wyższe rolnicze";"Pracownik techniczny";"więcej niż 250 ha";"więcej niż 250 ha";58;"51 - 60"
"97";1982;101;105;1310;1310;107;106;101;109;NA;NA;NA;NA;NA;NA;105;108;NA;NA;NA;NA;NA;NA;NA;NA;3;NA;NA;NA;2;3;1;2;4;NA;104;110;101;102;106;NA;NA;NA;NA;NA;102;NA;NA;NA;NA;NA;NA;NA;NA;NA;4;2;3;5;5;3;1;4;4;1;5;2;NA;2;NA;5;NA;NA;NA;5;109;103;NA;4;2;1;7;6;7;5;3;7;6;"Wyższe rolnicze";"Pracownik techniczny";"więcej niż 250 ha";"więcej niż 250 ha";40;"31 - 40"
"98";1946;104;102;60;60;106;103;NA;NA;NA;NA;NA;NA;NA;NA;109;105;NA;NA;NA;NA;NA;NA;NA;NA;NA;NA;4;NA;3;1;NA;NA;4;NA;102;110;105;NA;NA;NA;NA;NA;NA;NA;105;103;102;110;104;106;NA;NA;NA;NA;5;5;5;2;5;5;3;1;1;5;NA;3;NA;NA;5;NA;NA;NA;NA;5;105;103;NA;3;2;6;5;0;99;8;5;1;7;"Średnie ogólne";"Główny agronom";"50.01 - 100 ha";"50.01 - 100 ha";76;"powyżej 60"
"99";1964;102;105;45;90;104;105;NA;NA;NA;NA;NA;NA;NA;NA;102;107;NA;NA;NA;NA;NA;NA;NA;NA;NA;2;NA;3;4;NA;2;NA;NA;NA;104;109;108;107;102;NA;NA;NA;NA;NA;101;NA;NA;NA;NA;NA;NA;NA;NA;NA;3;5;2;3;2;3;2;1;3;3;NA;5;NA;5;NA;NA;5;4;5;NA;109;105;NA;2;0;2;9;1;6;1;4;3;4;"Wyższe";"Pracownik techniczny";"25.01 - 50 ha";"50.01 - 100 ha";58;"51 - 60"
"100";1942;103;104;10;10;110;102;103;101;NA;NA;NA;NA;NA;NA;105;108;104;NA;NA;NA;NA;NA;NA;NA;3;5;3;3;2;NA;NA;3;NA;2;103;104;105;NA;NA;NA;NA;NA;NA;NA;110;106;104;103;102;108;109;NA;NA;NA;5;5;2;5;3;4;1;4;3;1;NA;NA;4;1;2;NA;NA;NA;NA;NA;110;106;109;10;8;2;7;1;5;7;9;5;0;"Średnie techniczne";"Właściciel";"mniej niż 25 ha";"mniej niż 25 ha";80;"powyżej 60"
"101";1957;103;101;1000;1000;108;106;NA;NA;NA;NA;NA;NA;NA;NA;109;101;NA;NA;NA;NA;NA;NA;NA;NA;2;NA;NA;NA;NA;1;NA;1;4;NA;101;NA;NA;NA;NA;NA;NA;NA;NA;NA;108;102;NA;NA;NA;NA;NA;NA;NA;NA;5;2;5;4;3;1;3;1;5;3;5;NA;NA;NA;NA;NA;NA;NA;NA;NA;108;103;104;8;9;3;5;6;6;0;9;8;2;"Średnie techniczne";"Dyrektor/wicedyrektor";"więcej niż 250 ha";"więcej niż 250 ha";65;"powyżej 60"
"102";1996;104;102;70;70;101;107;NA;NA;NA;NA;NA;NA;NA;NA;102;103;104;105;NA;NA;NA;NA;NA;NA;2;4;4;2;1;NA;1;NA;NA;NA;101;NA;NA;NA;NA;NA;NA;NA;NA;NA;110;105;102;108;109;NA;NA;NA;NA;NA;2;1;4;1;5;2;4;3;2;1;5;NA;NA;NA;NA;NA;NA;NA;NA;NA;103;NA;NA;2;8;2;9;4;8;3;6;1;5;"Średnie ogólne";"Główny agronom";"50.01 - 100 ha";"50.01 - 100 ha";26;"mniej niż 30"
"103";1969;104;103;15;30;102;107;NA;NA;NA;NA;NA;NA;NA;NA;106;110;105;104;NA;NA;NA;NA;NA;NA;NA;1;NA;1;2;1;1;NA;NA;2;102;NA;NA;NA;NA;NA;NA;NA;NA;NA;105;109;108;107;101;NA;NA;NA;NA;NA;1;5;5;1;1;3;2;2;5;2;NA;5;NA;NA;NA;NA;NA;NA;NA;NA;110;104;NA;2;1;4;8;4;0;4;5;4;2;"Średnie ogólne";"Agronom ekspert";"mniej niż 25 ha";"25.01 - 50 ha";53;"51 - 60"
"104";1945;104;103;230;250;102;NA;NA;NA;NA;NA;NA;NA;NA;NA;105;110;107;106;NA;NA;NA;NA;NA;NA;NA;5;NA;NA;3;5;2;NA;NA;1;109;NA;NA;NA;NA;NA;NA;NA;NA;NA;103;107;NA;NA;NA;NA;NA;NA;NA;NA;1;1;3;1;3;2;5;5;4;2;NA;NA;NA;NA;NA;NA;NA;NA;5;NA;102;108;NA;5;5;1;99;9;4;4;4;8;7;"Średnie ogólne";"Agronom ekspert";"100.01 - 250 ha";"100.01 - 250 ha";77;"powyżej 60"
"105";1948;102;101;200;200;110;106;NA;NA;NA;NA;NA;NA;NA;NA;107;103;108;105;104;NA;NA;NA;NA;NA;NA;NA;4;5;4;3;4;5;NA;4;107;103;110;109;105;101;NA;NA;NA;NA;102;110;108;106;103;104;NA;NA;NA;NA;5;2;2;5;5;2;3;2;4;2;5;NA;5;NA;1;NA;3;NA;2;4;104;106;NA;6;7;9;0;9;0;6;4;5;9;"Wyższe";"Dyrektor/wicedyrektor";"100.01 - 250 ha";"100.01 - 250 ha";74;"powyżej 60"
"106";1968;102;101;40;40;110;108;104;106;NA;NA;NA;NA;NA;NA;105;107;NA;NA;NA;NA;NA;NA;NA;NA;NA;NA;NA;4;3;3;5;4;NA;2;107;110;105;NA;NA;NA;NA;NA;NA;NA;104;NA;NA;NA;NA;NA;NA;NA;NA;NA;5;3;5;5;5;1;1;2;4;2;NA;NA;NA;NA;5;NA;3;NA;NA;4;109;107;105;2;8;99;6;9;9;10;4;2;2;"Wyższe";"Dyrektor/wicedyrektor";"25.01 - 50 ha";"25.01 - 50 ha";54;"51 - 60"
"107";1992;102;105;600;650;109;103;106;NA;NA;NA;NA;NA;NA;NA;101;102;NA;NA;NA;NA;NA;NA;NA;NA;3;3;2;NA;NA;2;NA;NA;2;NA;108;110;101;103;109;107;104;NA;NA;NA;107;NA;NA;NA;NA;NA;NA;NA;NA;NA;4;3;3;3;3;2;4;3;2;5;3;NA;1;1;NA;NA;4;1;2;4;104;NA;NA;2;99;1;99;99;10;2;7;5;10;"Wyższe";"Pracownik techniczny";"więcej niż 250 ha";"więcej niż 250 ha";30;"mniej niż 30"
"108";1968;104;101;24;24;106;110;109;NA;NA;NA;NA;NA;NA;NA;101;102;105;103;NA;NA;NA;NA;NA;NA;4;5;4;NA;2;2;NA;NA;4;5;107;101;103;104;109;102;108;NA;NA;NA;106;105;103;109;102;NA;NA;NA;NA;NA;2;2;2;4;3;5;5;1;3;4;3;2;1;1;NA;NA;5;2;2;NA;101;NA;NA;0;2;2;99;9;99;4;9;0;0;"Średnie ogólne";"Dyrektor/wicedyrektor";"mniej niż 25 ha";"mniej niż 25 ha";54;"51 - 60"
"109";1969;104;104;650;650;108;103;NA;NA;NA;NA;NA;NA;NA;NA;105;107;101;NA;NA;NA;NA;NA;NA;NA;4;NA;2;NA;2;NA;5;2;NA;NA;103;110;106;109;101;104;NA;NA;NA;NA;104;108;102;103;NA;NA;NA;NA;NA;NA;3;4;3;4;5;4;1;5;3;3;1;NA;3;3;NA;4;NA;NA;5;2;110;NA;NA;9;8;5;7;1;5;10;0;2;10;"Średnie ogólne";"Właściciel";"więcej niż 250 ha";"więcej niż 250 ha";53;"51 - 60"
"110";1958;101;101;1070;1100;103;106;109;105;NA;NA;NA;NA;NA;NA;104;101;NA;NA;NA;NA;NA;NA;NA;NA;2;NA;4;4;3;3;NA;NA;3;NA;109;104;106;110;NA;NA;NA;NA;NA;NA;103;110;NA;NA;NA;NA;NA;NA;NA;NA;5;4;1;1;3;1;1;5;3;5;NA;NA;NA;4;NA;2;NA;NA;3;1;108;NA;NA;4;3;8;99;2;0;7;5;9;9;"Wyższe rolnicze";"Dyrektor/wicedyrektor";"więcej niż 250 ha";"więcej niż 250 ha";64;"powyżej 60"
"111";1984;103;105;450;400;109;101;NA;NA;NA;NA;NA;NA;NA;NA;108;107;103;105;NA;NA;NA;NA;NA;NA;2;NA;5;NA;2;NA;1;2;4;NA;101;109;107;NA;NA;NA;NA;NA;NA;NA;110;107;103;101;109;108;NA;NA;NA;NA;3;1;1;4;3;3;4;3;1;5;1;NA;NA;NA;NA;NA;4;NA;1;NA;103;NA;NA;4;1;4;7;5;5;10;8;2;3;"Średnie techniczne";"Pracownik techniczny";"więcej niż 250 ha";"więcej niż 250 ha";38;"31 - 40"
"112";1960;101;103;50;55;103;NA;NA;NA;NA;NA;NA;NA;NA;NA;101;102;105;104;NA;NA;NA;NA;NA;NA;4;1;4;5;5;NA;NA;NA;NA;NA;108;104;101;102;110;103;106;NA;NA;NA;108;106;110;102;103;NA;NA;NA;NA;NA;2;3;3;2;2;2;5;3;4;3;4;2;2;2;NA;3;NA;3;NA;5;110;106;NA;3;9;1;6;7;8;2;8;7;4;"Wyższe rolnicze";"Agronom ekspert";"25.01 - 50 ha";"50.01 - 100 ha";62;"powyżej 60"
"113";1998;103;104;578;578;101;110;NA;NA;NA;NA;NA;NA;NA;NA;110;NA;NA;NA;NA;NA;NA;NA;NA;NA;4;NA;NA;NA;NA;NA;NA;NA;NA;5;106;109;101;105;108;107;103;NA;NA;NA;110;103;105;109;104;107;NA;NA;NA;NA;5;2;2;3;3;2;5;1;1;5;2;NA;5;NA;4;5;3;3;5;NA;106;104;NA;1;8;4;10;3;0;2;4;5;10;"Średnie techniczne";"Właściciel";"więcej niż 250 ha";"więcej niż 250 ha";24;"mniej niż 30"
"114";1980;101;104;220;220;101;110;102;NA;NA;NA;NA;NA;NA;NA;106;107;108;109;NA;NA;NA;NA;NA;NA;3;5;NA;NA;NA;2;5;3;4;3;105;107;NA;NA;NA;NA;NA;NA;NA;NA;104;108;107;110;101;103;NA;NA;NA;NA;5;5;2;5;2;1;5;5;3;3;NA;NA;NA;NA;3;NA;2;NA;NA;NA;101;NA;NA;0;1;3;4;0;9;7;7;2;10;"Wyższe rolnicze";"Właściciel";"100.01 - 250 ha";"100.01 - 250 ha";42;"41 - 50"
"115";1992;994;105;60;60;109;103;NA;NA;NA;NA;NA;NA;NA;NA;106;105;108;NA;NA;NA;NA;NA;NA;NA;NA;NA;1;NA;4;4;NA;1;1;NA;101;110;107;109;105;NA;NA;NA;NA;NA;110;106;109;103;101;NA;NA;NA;NA;NA;4;4;3;3;3;3;2;4;2;2;5;NA;NA;NA;2;NA;3;NA;2;3;102;NA;NA;5;2;3;2;6;99;0;10;7;4;"Inne";"Pracownik techniczny";"50.01 - 100 ha";"50.01 - 100 ha";30;"mniej niż 30"
"116";1974;104;103;334;258;110;NA;NA;NA;NA;NA;NA;NA;NA;NA;109;NA;NA;NA;NA;NA;NA;NA;NA;NA;NA;NA;NA;NA;NA;NA;NA;NA;3;2;101;106;104;110;108;NA;NA;NA;NA;NA;103;102;101;106;104;105;NA;NA;NA;NA;2;1;1;5;4;4;3;5;3;3;1;NA;NA;5;NA;4;NA;1;NA;1;109;104;NA;5;10;6;3;6;99;4;10;10;10;"Średnie ogólne";"Agronom ekspert";"więcej niż 250 ha";"więcej niż 250 ha";48;"41 - 50"
"117";1939;104;105;47;47;109;106;105;NA;NA;NA;NA;NA;NA;NA;110;104;107;102;NA;NA;NA;NA;NA;NA;NA;2;NA;2;4;1;3;NA;3;1;109;106;NA;NA;NA;NA;NA;NA;NA;NA;102;105;106;103;107;NA;NA;NA;NA;NA;4;5;2;1;1;1;2;1;2;3;NA;NA;NA;NA;NA;1;NA;NA;3;NA;103;NA;NA;0;3;2;5;10;2;8;0;4;9;"Średnie ogólne";"Pracownik techniczny";"25.01 - 50 ha";"25.01 - 50 ha";83;"powyżej 60"
"118";1958;104;103;250;250;106;NA;NA;NA;NA;NA;NA;NA;NA;NA;109;104;NA;NA;NA;NA;NA;NA;NA;NA;NA;NA;NA;4;NA;4;NA;NA;3;NA;102;110;103;109;NA;NA;NA;NA;NA;NA;105;108;101;103;102;110;104;NA;NA;NA;4;3;3;5;3;4;5;1;4;4;NA;1;1;NA;NA;NA;NA;NA;5;4;105;106;107;0;6;8;6;4;6;3;9;1;10;"Średnie ogólne";"Agronom ekspert";"100.01 - 250 ha";"100.01 - 250 ha";64;"powyżej 60"
"119";1994;104;105;505;800;104;NA;NA;NA;NA;NA;NA;NA;NA;NA;107;102;110;103;105;108;NA;NA;NA;NA;NA;2;1;2;2;NA;5;5;NA;5;106;NA;NA;NA;NA;NA;NA;NA;NA;NA;103;107;105;NA;NA;NA;NA;NA;NA;NA;4;1;5;1;2;4;4;5;2;4;NA;NA;NA;NA;NA;4;NA;NA;NA;NA;105;NA;NA;9;99;4;3;0;10;7;10;9;5;"Średnie ogólne";"Pracownik techniczny";"więcej niż 250 ha";"więcej niż 250 ha";28;"mniej niż 30"
"120";1990;101;105;7000;7000;104;108;NA;NA;NA;NA;NA;NA;NA;NA;101;109;NA;NA;NA;NA;NA;NA;NA;NA;4;NA;NA;5;NA;NA;NA;4;1;NA;110;102;106;105;107;NA;NA;NA;NA;NA;106;NA;NA;NA;NA;NA;NA;NA;NA;NA;2;4;5;1;2;2;2;4;3;5;NA;3;NA;NA;2;1;3;NA;NA;5;109;NA;NA;2;6;2;4;5;6;6;7;4;3;"Wyższe rolnicze";"Pracownik techniczny";"więcej niż 250 ha";"więcej niż 250 ha";32;"31 - 40"
"121";1941;103;102;50;50;110;105;104;NA;NA;NA;NA;NA;NA;NA;102;106;NA;NA;NA;NA;NA;NA;NA;NA;NA;4;NA;3;1;1;NA;NA;NA;1;108;104;105;109;107;106;110;NA;NA;NA;106;109;103;105;104;107;108;NA;NA;NA;4;5;2;5;2;3;2;3;3;5;NA;NA;NA;4;5;4;3;5;2;3;106;107;NA;5;99;5;7;7;0;2;1;3;3;"Średnie techniczne";"Główny agronom";"25.01 - 50 ha";"25.01 - 50 ha";81;"powyżej 60"
"122";1999;102;104;520;500;101;NA;NA;NA;NA;NA;NA;NA;NA;NA;110;104;105;103;107;108;102;NA;NA;NA;3;3;3;3;1;NA;5;4;NA;3;109;104;NA;NA;NA;NA;NA;NA;NA;NA;101;105;NA;NA;NA;NA;NA;NA;NA;NA;5;1;2;1;4;2;4;5;1;2;NA;NA;NA;3;NA;NA;NA;NA;3;NA;106;NA;NA;3;5;6;1;10;4;6;0;10;1;"Wyższe";"Właściciel";"więcej niż 250 ha";"więcej niż 250 ha";23;"mniej niż 30"
"123";1937;102;104;1500;1500;105;102;107;103;NA;NA;NA;NA;NA;NA;108;106;110;NA;NA;NA;NA;NA;NA;NA;NA;4;5;NA;5;3;4;4;NA;3;104;107;105;101;110;102;103;NA;NA;NA;103;102;101;107;105;109;NA;NA;NA;NA;2;1;1;3;1;4;1;2;5;5;5;3;5;5;1;NA;4;NA;NA;4;103;104;108;5;5;10;0;7;9;4;5;10;4;"Wyższe";"Właściciel";"więcej niż 250 ha";"więcej niż 250 ha";85;"powyżej 60"
"124";1963;102;101;16;32;110;104;NA;NA;NA;NA;NA;NA;NA;NA;107;103;109;102;NA;NA;NA;NA;NA;NA;NA;4;5;3;NA;NA;2;NA;3;2;103;NA;NA;NA;NA;NA;NA;NA;NA;NA;101;109;108;110;103;107;105;106;NA;NA;4;1;4;2;2;4;4;4;5;3;NA;NA;2;NA;NA;NA;NA;NA;NA;NA;107;110;NA;4;6;1;9;6;7;8;8;0;5;"Wyższe";"Dyrektor/wicedyrektor";"mniej niż 25 ha";"25.01 - 50 ha";59;"51 - 60"
"125";1998;101;105;22;22;106;102;NA;NA;NA;NA;NA;NA;NA;NA;107;101;NA;NA;NA;NA;NA;NA;NA;NA;2;4;NA;NA;NA;2;5;NA;NA;NA;102;105;106;108;101;NA;NA;NA;NA;NA;103;108;109;104;106;NA;NA;NA;NA;NA;2;5;3;5;1;5;2;3;4;2;1;4;NA;NA;2;5;NA;3;NA;NA;105;NA;NA;99;99;6;2;10;7;9;4;3;8;"Wyższe rolnicze";"Pracownik techniczny";"mniej niż 25 ha";"mniej niż 25 ha";24;"mniej niż 30"
"126";1940;102;102;1000;1000;102;106;101;NA;NA;NA;NA;NA;NA;NA;110;108;104;NA;NA;NA;NA;NA;NA;NA;5;3;NA;2;NA;1;NA;1;NA;3;105;NA;NA;NA;NA;NA;NA;NA;NA;NA;103;109;108;110;NA;NA;NA;NA;NA;NA;3;5;3;1;2;5;3;1;2;4;NA;NA;NA;NA;4;NA;NA;NA;NA;NA;105;110;NA;1;10;9;9;10;7;9;8;9;4;"Wyższe";"Główny agronom";"więcej niż 250 ha";"więcej niż 250 ha";82;"powyżej 60"
"127";1970;102;101;400;500;102;109;101;103;NA;NA;NA;NA;NA;NA;106;105;107;NA;NA;NA;NA;NA;NA;NA;2;3;2;NA;5;2;5;NA;1;NA;102;104;103;109;NA;NA;NA;NA;NA;NA;108;NA;NA;NA;NA;NA;NA;NA;NA;NA;5;3;4;3;3;3;4;2;4;1;NA;3;1;3;NA;NA;NA;NA;1;NA;101;108;NA;3;1;3;3;1;7;8;7;0;9;"Wyższe";"Dyrektor/wicedyrektor";"więcej niż 250 ha";"więcej niż 250 ha";52;"51 - 60"
"128";1968;103;101;160;160;102;110;103;NA;NA;NA;NA;NA;NA;NA;109;NA;NA;NA;NA;NA;NA;NA;NA;NA;NA;3;4;NA;NA;NA;NA;NA;1;2;106;NA;NA;NA;NA;NA;NA;NA;NA;NA;102;103;NA;NA;NA;NA;NA;NA;NA;NA;2;4;4;2;2;5;3;1;1;4;NA;NA;NA;NA;NA;2;NA;NA;NA;NA;108;NA;NA;0;3;8;10;4;4;5;8;7;1;"Średnie techniczne";"Dyrektor/wicedyrektor";"100.01 - 250 ha";"100.01 - 250 ha";54;"51 - 60"
"129";1955;101;102;60;60;102;NA;NA;NA;NA;NA;NA;NA;NA;NA;109;107;101;105;106;NA;NA;NA;NA;NA;4;2;NA;NA;1;4;2;NA;4;NA;108;107;104;102;NA;NA;NA;NA;NA;NA;108;101;110;105;106;107;104;103;NA;NA;4;3;2;2;2;1;1;3;2;1;NA;3;NA;3;NA;NA;1;1;NA;NA;102;NA;NA;3;6;9;99;5;9;5;5;0;10;"Wyższe rolnicze";"Główny agronom";"50.01 - 100 ha";"50.01 - 100 ha";67;"powyżej 60"
"130";1983;103;103;360;400;105;NA;NA;NA;NA;NA;NA;NA;NA;NA;108;104;106;107;NA;NA;NA;NA;NA;NA;NA;NA;NA;2;3;1;3;3;NA;NA;110;109;105;108;106;NA;NA;NA;NA;NA;101;107;106;103;110;109;NA;NA;NA;NA;4;4;1;5;1;2;5;1;5;4;NA;NA;NA;NA;3;5;NA;4;5;5;101;106;NA;0;1;2;5;0;1;6;1;10;2;"Średnie techniczne";"Agronom ekspert";"więcej niż 250 ha";"więcej niż 250 ha";39;"31 - 40"
"131";1987;103;102;364;364;104;101;NA;NA;NA;NA;NA;NA;NA;NA;108;103;102;NA;NA;NA;NA;NA;NA;NA;2;1;4;5;NA;NA;NA;5;NA;NA;105;101;108;110;NA;NA;NA;NA;NA;NA;101;103;102;106;104;110;NA;NA;NA;NA;5;4;5;5;3;5;4;2;3;4;3;NA;NA;NA;5;NA;NA;1;NA;2;110;NA;NA;4;99;8;99;9;0;10;1;10;4;"Średnie techniczne";"Główny agronom";"więcej niż 250 ha";"więcej niż 250 ha";35;"31 - 40"
"132";1937;104;104;11;8,5;106;NA;NA;NA;NA;NA;NA;NA;NA;NA;107;101;108;109;110;NA;NA;NA;NA;NA;4;NA;NA;NA;NA;1;3;1;3;5;103;110;107;105;108;101;NA;NA;NA;NA;108;107;102;105;106;110;104;NA;NA;NA;3;5;5;5;2;3;2;1;4;1;2;NA;2;NA;4;NA;1;3;NA;2;107;110;NA;9;7;1;2;7;8;7;5;10;8;"Średnie ogólne";"Właściciel";"mniej niż 25 ha";"mniej niż 25 ha";85;"powyżej 60"
"133";1996;101;102;760;760;101;104;NA;NA;NA;NA;NA;NA;NA;NA;109;108;105;102;NA;NA;NA;NA;NA;NA;2;2;NA;4;3;NA;NA;4;4;NA;104;103;101;NA;NA;NA;NA;NA;NA;NA;107;102;103;108;NA;NA;NA;NA;NA;NA;5;3;1;1;5;3;1;2;5;3;2;NA;1;2;NA;NA;NA;NA;NA;NA;110;NA;NA;1;9;5;8;10;8;6;6;1;5;"Wyższe rolnicze";"Główny agronom";"więcej niż 250 ha";"więcej niż 250 ha";26;"mniej niż 30"
"134";1957;101;103;168;168;107;108;NA;NA;NA;NA;NA;NA;NA;NA;106;101;104;NA;NA;NA;NA;NA;NA;NA;2;NA;NA;1;NA;3;1;3;NA;NA;105;104;107;NA;NA;NA;NA;NA;NA;NA;106;108;110;104;102;NA;NA;NA;NA;NA;5;4;5;3;2;2;2;4;1;1;NA;NA;NA;5;4;NA;5;NA;NA;NA;104;105;NA;3;1;3;10;9;99;5;10;4;2;"Wyższe rolnicze";"Agronom ekspert";"100.01 - 250 ha";"100.01 - 250 ha";65;"powyżej 60"
"135";1961;104;105;1600;1600;105;102;NA;NA;NA;NA;NA;NA;NA;NA;101;104;107;103;NA;NA;NA;NA;NA;NA;5;5;2;4;2;NA;3;NA;NA;NA;101;NA;NA;NA;NA;NA;NA;NA;NA;NA;105;103;109;104;110;102;101;106;NA;NA;1;3;2;2;1;2;3;3;5;4;4;NA;NA;NA;NA;NA;NA;NA;NA;NA;103;108;NA;5;5;6;8;5;6;1;5;10;4;"Średnie ogólne";"Pracownik techniczny";"więcej niż 250 ha";"więcej niż 250 ha";61;"powyżej 60"
"136";1964;103;104;500;400;109;105;NA;NA;NA;NA;NA;NA;NA;NA;108;103;101;106;110;104;NA;NA;NA;NA;5;NA;1;2;5;1;NA;4;5;2;109;107;108;NA;NA;NA;NA;NA;NA;NA;109;103;110;101;106;105;107;NA;NA;NA;1;3;3;4;4;3;3;4;1;3;NA;NA;NA;NA;NA;NA;4;4;4;NA;104;105;108;2;8;7;1;5;10;5;2;8;0;"Średnie techniczne";"Właściciel";"więcej niż 250 ha";"więcej niż 250 ha";58;"51 - 60"
"137";1964;103;104;230;230;104;101;110;109;103;NA;NA;NA;NA;NA;106;108;107;NA;NA;NA;NA;NA;NA;NA;1;NA;2;1;NA;1;5;3;3;4;107;108;104;NA;NA;NA;NA;NA;NA;NA;102;105;101;107;NA;NA;NA;NA;NA;NA;1;3;3;1;4;5;3;5;3;5;NA;NA;NA;2;NA;NA;4;1;NA;NA;107;NA;NA;99;1;2;6;7;10;1;2;0;0;"Średnie techniczne";"Właściciel";"100.01 - 250 ha";"100.01 - 250 ha";58;"51 - 60"
"138";1985;101;103;430;430;107;NA;NA;NA;NA;NA;NA;NA;NA;NA;104;102;NA;NA;NA;NA;NA;NA;NA;NA;NA;1;NA;2;NA;NA;5;NA;NA;NA;103;110;109;104;101;105;102;106;NA;NA;110;102;108;NA;NA;NA;NA;NA;NA;NA;4;2;3;4;3;1;5;2;2;5;1;2;1;4;4;5;NA;NA;3;5;103;101;104;4;10;9;7;3;99;3;7;0;6;"Wyższe rolnicze";"Agronom ekspert";"więcej niż 250 ha";"więcej niż 250 ha";37;"31 - 40"
"139";1943;101;103;110;110;103;NA;NA;NA;NA;NA;NA;NA;NA;NA;107;110;NA;NA;NA;NA;NA;NA;NA;NA;NA;NA;2;NA;NA;NA;5;NA;NA;5;108;NA;NA;NA;NA;NA;NA;NA;NA;NA;101;109;105;110;107;NA;NA;NA;NA;NA;5;1;3;1;5;5;4;5;3;2;NA;NA;NA;NA;NA;NA;NA;4;NA;NA;109;NA;NA;7;9;2;7;10;3;6;5;1;10;"Wyższe rolnicze";"Agronom ekspert";"100.01 - 250 ha";"100.01 - 250 ha";79;"powyżej 60"
"140";1949;102;105;115;115;103;110;NA;NA;NA;NA;NA;NA;NA;NA;104;102;101;106;NA;NA;NA;NA;NA;NA;3;3;2;4;NA;5;NA;NA;NA;3;104;110;101;108;103;106;NA;NA;NA;NA;102;109;104;108;106;NA;NA;NA;NA;NA;2;2;5;5;4;1;2;3;2;2;4;NA;3;3;NA;3;NA;3;NA;1;110;NA;NA;2;4;4;6;2;5;2;5;8;6;"Wyższe";"Pracownik techniczny";"100.01 - 250 ha";"100.01 - 250 ha";73;"powyżej 60"
"141";1978;102;103;650;650;107;105;102;NA;NA;NA;NA;NA;NA;NA;103;106;109;108;NA;NA;NA;NA;NA;NA;NA;3;3;NA;1;4;2;2;2;NA;103;108;110;109;107;102;NA;NA;NA;NA;110;102;101;107;NA;NA;NA;NA;NA;NA;5;5;3;2;2;5;4;2;1;2;NA;4;5;NA;NA;NA;1;5;1;5;106;NA;NA;99;5;10;3;2;10;4;2;5;10;"Wyższe";"Agronom ekspert";"więcej niż 250 ha";"więcej niż 250 ha";44;"41 - 50"
"142";1973;101;102;250;280;108;101;102;105;NA;NA;NA;NA;NA;NA;109;NA;NA;NA;NA;NA;NA;NA;NA;NA;5;2;NA;NA;4;NA;NA;1;4;NA;109;NA;NA;NA;NA;NA;NA;NA;NA;NA;103;110;102;108;NA;NA;NA;NA;NA;NA;1;4;5;1;5;2;1;2;2;4;NA;NA;NA;NA;NA;NA;NA;NA;1;NA;105;103;NA;4;99;2;1;99;9;7;6;9;6;"Wyższe rolnicze";"Główny agronom";"100.01 - 250 ha";"więcej niż 250 ha";49;"41 - 50"
"143";1993;101;102;260;260;110;NA;NA;NA;NA;NA;NA;NA;NA;NA;102;106;103;101;NA;NA;NA;NA;NA;NA;1;2;5;NA;NA;3;NA;NA;NA;1;109;103;106;108;NA;NA;NA;NA;NA;NA;103;107;109;105;110;NA;NA;NA;NA;NA;5;5;3;4;3;1;3;4;2;3;NA;NA;3;NA;NA;5;NA;2;5;NA;109;101;103;0;99;99;3;9;6;3;2;0;3;"Wyższe rolnicze";"Główny agronom";"więcej niż 250 ha";"więcej niż 250 ha";29;"mniej niż 30"
"144";1980;103;103;70;70;103;102;108;101;NA;NA;NA;NA;NA;NA;110;109;106;104;NA;NA;NA;NA;NA;NA;5;2;4;4;NA;1;NA;1;3;3;102;NA;NA;NA;NA;NA;NA;NA;NA;NA;105;106;102;109;NA;NA;NA;NA;NA;NA;2;1;1;2;1;5;4;2;1;4;NA;3;NA;NA;NA;NA;NA;NA;NA;NA;200;NA;NA;0;99;0;8;5;7;6;10;5;5;"Średnie techniczne";"Agronom ekspert";"50.01 - 100 ha";"50.01 - 100 ha";42;"41 - 50"
"145";1984;101;104;120;120;101;102;NA;NA;NA;NA;NA;NA;NA;NA;108;107;109;105;NA;NA;NA;NA;NA;NA;5;4;NA;NA;4;NA;3;1;4;NA;102;107;104;101;NA;NA;NA;NA;NA;NA;105;110;103;102;101;108;NA;NA;NA;NA;1;3;1;1;2;5;1;4;5;2;2;4;NA;3;NA;NA;4;NA;NA;NA;102;NA;NA;10;1;4;4;10;1;10;8;8;5;"Wyższe rolnicze";"Właściciel";"100.01 - 250 ha";"100.01 - 250 ha";38;"31 - 40"
"146";1984;102;103;60;60;101;NA;NA;NA;NA;NA;NA;NA;NA;NA;103;110;NA;NA;NA;NA;NA;NA;NA;NA;3;NA;2;NA;NA;NA;NA;NA;NA;4;108;102;NA;NA;NA;NA;NA;NA;NA;NA;108;101;107;102;104;NA;NA;NA;NA;NA;5;3;4;2;5;3;3;3;3;5;NA;4;NA;NA;NA;NA;NA;4;NA;NA;105;NA;NA;1;6;7;8;7;2;4;7;7;2;"Wyższe";"Agronom ekspert";"50.01 - 100 ha";"50.01 - 100 ha";38;"31 - 40"
"147";1966;101;994;3000;3000;103;NA;NA;NA;NA;NA;NA;NA;NA;NA;105;108;102;106;NA;NA;NA;NA;NA;NA;NA;2;2;NA;2;3;NA;3;NA;NA;108;101;106;103;107;109;105;NA;NA;NA;102;NA;NA;NA;NA;NA;NA;NA;NA;NA;2;1;3;2;4;1;1;3;5;2;5;NA;3;NA;2;4;1;5;2;NA;109;110;NA;2;9;8;1;0;2;9;5;8;5;"Wyższe rolnicze";"Inna";"więcej niż 250 ha";"więcej niż 250 ha";56;"51 - 60"
"148";1970;102;105;680;720;103;106;NA;NA;NA;NA;NA;NA;NA;NA;107;110;102;NA;NA;NA;NA;NA;NA;NA;NA;1;3;NA;NA;4;1;NA;NA;4;104;106;107;103;101;NA;NA;NA;NA;NA;103;101;107;102;NA;NA;NA;NA;NA;NA;4;5;4;1;5;4;3;3;5;1;5;NA;5;4;NA;3;2;NA;NA;NA;108;105;NA;9;99;3;6;10;1;4;1;8;3;"Wyższe";"Pracownik techniczny";"więcej niż 250 ha";"więcej niż 250 ha";52;"51 - 60"
"149";1991;102;103;500;500;107;103;102;NA;NA;NA;NA;NA;NA;NA;108;101;NA;NA;NA;NA;NA;NA;NA;NA;2;1;5;NA;NA;NA;2;4;NA;NA;103;105;101;102;NA;NA;NA;NA;NA;NA;107;102;110;106;101;105;NA;NA;NA;NA;5;2;5;2;1;1;5;5;4;4;5;1;5;NA;5;NA;NA;NA;NA;NA;102;106;NA;3;3;99;9;8;2;7;10;1;4;"Wyższe";"Agronom ekspert";"więcej niż 250 ha";"więcej niż 250 ha";31;"31 - 40"
"150";1955;101;102;145;145;105;108;110;NA;NA;NA;NA;NA;NA;NA;106;102;101;109;NA;NA;NA;NA;NA;NA;2;1;NA;NA;4;1;NA;2;3;4;107;105;109;110;103;NA;NA;NA;NA;NA;110;102;109;105;NA;NA;NA;NA;NA;NA;2;2;5;2;4;3;5;5;4;3;NA;NA;5;NA;1;NA;4;NA;1;5;104;NA;NA;2;8;99;1;7;0;3;10;3;1;"Wyższe rolnicze";"Główny agronom";"100.01 - 250 ha";"100.01 - 250 ha";67;"powyżej 60"
"151";1958;104;104;100;88;106;109;NA;NA;NA;NA;NA;NA;NA;NA;103;104;105;101;NA;NA;NA;NA;NA;NA;4;NA;1;2;2;1;NA;NA;3;NA;103;102;110;101;106;105;NA;NA;NA;NA;104;102;105;110;103;107;NA;NA;NA;NA;2;5;5;3;4;5;1;5;4;2;1;2;1;NA;5;5;NA;NA;NA;1;110;106;NA;8;2;10;5;10;5;5;9;0;9;"Średnie ogólne";"Właściciel";"50.01 - 100 ha";"50.01 - 100 ha";64;"powyżej 60"
"152";1987;102;101;700;580;101;106;107;NA;NA;NA;NA;NA;NA;NA;103;104;102;108;NA;NA;NA;NA;NA;NA;5;2;4;1;NA;3;1;2;NA;NA;108;110;106;NA;NA;NA;NA;NA;NA;NA;103;106;101;110;102;104;105;NA;NA;NA;2;5;3;2;3;5;2;3;3;5;NA;NA;NA;NA;NA;3;NA;4;NA;4;102;NA;NA;1;2;9;9;0;9;3;8;6;3;"Wyższe";"Dyrektor/wicedyrektor";"więcej niż 250 ha";"więcej niż 250 ha";35;"31 - 40"
"153";1954;103;102;40;28;102;104;108;NA;NA;NA;NA;NA;NA;NA;101;107;105;NA;NA;NA;NA;NA;NA;NA;5;4;NA;2;5;NA;5;5;NA;NA;104;NA;NA;NA;NA;NA;NA;NA;NA;NA;108;102;107;101;104;105;NA;NA;NA;NA;5;5;5;2;1;1;999;3;2;5;NA;NA;NA;5;NA;NA;NA;NA;NA;NA;109;NA;NA;4;1;9;2;0;5;4;6;1;8;"Średnie techniczne";"Główny agronom";"25.01 - 50 ha";"25.01 - 50 ha";68;"powyżej 60"
"154";1977;101;102;750;750;107;NA;NA;NA;NA;NA;NA;NA;NA;NA;101;104;108;NA;NA;NA;NA;NA;NA;NA;2;NA;NA;3;NA;NA;4;3;NA;NA;104;110;103;107;109;106;NA;NA;NA;NA;106;109;NA;NA;NA;NA;NA;NA;NA;NA;4;4;2;5;2;4;5;5;3;4;NA;NA;4;5;NA;1;1;NA;1;1;101;105;106;5;0;1;5;4;2;10;3;6;0;"Wyższe rolnicze";"Główny agronom";"więcej niż 250 ha";"więcej niż 250 ha";45;"41 - 50"
"155";1955;103;105;205;300;108;NA;NA;NA;NA;NA;NA;NA;NA;NA;105;102;110;109;101;NA;NA;NA;NA;NA;3;1;NA;NA;2;NA;NA;1;3;3;101;105;108;104;106;109;110;NA;NA;NA;109;102;110;104;108;105;NA;NA;NA;NA;3;2;2;1;1;3;1;2;2;2;1;NA;NA;3;4;3;NA;4;2;1;110;108;NA;7;99;10;5;5;5;10;9;9;1;"Średnie techniczne";"Pracownik techniczny";"100.01 - 250 ha";"więcej niż 250 ha";67;"powyżej 60"
"156";1948;104;101;2100;2100;109;NA;NA;NA;NA;NA;NA;NA;NA;NA;103;105;107;106;NA;NA;NA;NA;NA;NA;NA;NA;4;NA;4;1;5;NA;2;NA;103;101;110;107;108;106;109;NA;NA;NA;105;101;110;102;NA;NA;NA;NA;NA;NA;4;5;5;3;4;3;5;5;5;2;5;NA;2;NA;NA;1;5;2;4;2;105;103;104;7;7;8;4;4;0;0;8;4;5;"Średnie ogólne";"Dyrektor/wicedyrektor";"więcej niż 250 ha";"więcej niż 250 ha";74;"powyżej 60"
"157";1942;104;103;680;680;101;103;104;NA;NA;NA;NA;NA;NA;NA;102;NA;NA;NA;NA;NA;NA;NA;NA;NA;4;2;5;1;NA;NA;NA;NA;NA;NA;105;104;109;110;108;NA;NA;NA;NA;NA;104;NA;NA;NA;NA;NA;NA;NA;NA;NA;2;5;2;4;3;2;5;1;4;1;NA;NA;NA;4;2;NA;NA;4;5;4;108;NA;NA;7;10;2;6;0;9;4;2;0;5;"Średnie ogólne";"Agronom ekspert";"więcej niż 250 ha";"więcej niż 250 ha";80;"powyżej 60"
"158";1977;101;101;60;80;109;108;NA;NA;NA;NA;NA;NA;NA;NA;102;105;NA;NA;NA;NA;NA;NA;NA;NA;NA;999;NA;NA;1;NA;NA;3;1;NA;102;104;101;109;108;106;NA;NA;NA;NA;103;107;102;108;109;NA;NA;NA;NA;NA;5;4;4;5;1;4;1;2;2;5;3;2;NA;5;NA;3;NA;5;2;NA;200;NA;NA;5;10;4;2;4;7;2;6;8;5;"Wyższe rolnicze";"Dyrektor/wicedyrektor";"50.01 - 100 ha";"50.01 - 100 ha";45;"41 - 50"
"159";1978;103;104;40;60;102;104;107;109;NA;NA;NA;NA;NA;NA;110;106;108;101;NA;NA;NA;NA;NA;NA;2;2;NA;4;NA;5;1;2;3;2;110;106;101;102;NA;NA;NA;NA;NA;NA;110;103;105;107;108;NA;NA;NA;NA;NA;5;4;5;3;2;3;2;5;3;1;5;4;NA;NA;NA;5;NA;NA;NA;5;107;105;NA;1;6;10;0;6;1;8;0;5;1;"Średnie techniczne";"Właściciel";"25.01 - 50 ha";"50.01 - 100 ha";44;"41 - 50"
"160";1953;104;103;90;69;107;104;108;101;109;NA;NA;NA;NA;NA;102;103;110;NA;NA;NA;NA;NA;NA;NA;3;3;5;3;NA;NA;5;2;4;4;102;104;108;103;110;107;105;NA;NA;NA;102;103;104;NA;NA;NA;NA;NA;NA;NA;2;4;3;2;3;3;2;3;4;4;NA;2;1;5;2;NA;4;4;NA;3;107;108;109;2;8;6;2;9;9;5;1;4;9;"Średnie ogólne";"Agronom ekspert";"50.01 - 100 ha";"50.01 - 100 ha";69;"powyżej 60"
"161";1947;101;101;250;300;101;109;108;105;NA;NA;NA;NA;NA;NA;107;NA;NA;NA;NA;NA;NA;NA;NA;NA;2;NA;NA;NA;4;NA;2;3;2;NA;110;103;107;105;104;108;101;NA;NA;NA;106;109;NA;NA;NA;NA;NA;NA;NA;NA;5;3;2;3;5;2;5;3;5;2;5;NA;3;5;1;NA;3;1;NA;3;103;NA;NA;8;6;9;0;10;9;5;4;3;2;"Wyższe rolnicze";"Dyrektor/wicedyrektor";"100.01 - 250 ha";"więcej niż 250 ha";75;"powyżej 60"
"162";1969;101;104;180;180;101;108;103;110;NA;NA;NA;NA;NA;NA;109;NA;NA;NA;NA;NA;NA;NA;NA;NA;5;NA;4;NA;NA;NA;NA;2;2;1;107;103;104;101;109;105;106;NA;NA;NA;103;110;101;107;104;NA;NA;NA;NA;NA;5;3;1;3;5;3;1;4;4;3;5;NA;3;1;3;5;5;NA;1;NA;105;109;NA;10;9;3;1;3;8;10;8;10;6;"Wyższe rolnicze";"Właściciel";"100.01 - 250 ha";"100.01 - 250 ha";53;"51 - 60"
"163";1944;104;104;600;430;107;NA;NA;NA;NA;NA;NA;NA;NA;NA;109;110;NA;NA;NA;NA;NA;NA;NA;NA;NA;NA;NA;NA;NA;NA;3;NA;1;2;105;108;102;109;107;101;NA;NA;NA;NA;107;108;102;NA;NA;NA;NA;NA;NA;NA;5;4;5;3;4;4;5;1;4;1;4;1;NA;NA;3;NA;3;5;4;NA;107;NA;NA;1;9;9;1;4;3;7;2;9;6;"Średnie ogólne";"Właściciel";"więcej niż 250 ha";"więcej niż 250 ha";78;"powyżej 60"
"164";1935;101;101;50;42;109;102;107;NA;NA;NA;NA;NA;NA;NA;105;103;104;NA;NA;NA;NA;NA;NA;NA;NA;2;3;3;4;NA;5;NA;3;NA;109;102;NA;NA;NA;NA;NA;NA;NA;NA;101;105;108;NA;NA;NA;NA;NA;NA;NA;2;5;3;1;1;4;2;2;3;4;NA;2;NA;NA;NA;NA;NA;NA;3;NA;105;NA;NA;6;9;9;6;8;6;9;0;0;5;"Wyższe rolnicze";"Dyrektor/wicedyrektor";"25.01 - 50 ha";"25.01 - 50 ha";87;"powyżej 60"
"165";1982;101;103;60;70;104;NA;NA;NA;NA;NA;NA;NA;NA;NA;105;106;NA;NA;NA;NA;NA;NA;NA;NA;NA;NA;NA;3;2;1;NA;NA;NA;NA;104;107;NA;NA;NA;NA;NA;NA;NA;NA;107;NA;NA;NA;NA;NA;NA;NA;NA;NA;3;3;5;3;5;4;1;3;5;3;NA;NA;NA;2;NA;NA;3;NA;NA;NA;104;109;NA;1;8;3;5;0;9;9;5;3;4;"Wyższe rolnicze";"Agronom ekspert";"50.01 - 100 ha";"50.01 - 100 ha";40;"31 - 40"
"166";1946;103;103;300;400;110;NA;NA;NA;NA;NA;NA;NA;NA;NA;101;108;105;103;NA;NA;NA;NA;NA;NA;3;NA;3;NA;3;NA;NA;2;NA;1;103;108;101;107;102;106;105;NA;NA;NA;104;105;108;NA;NA;NA;NA;NA;NA;NA;2;1;2;3;5;5;5;5;5;2;4;1;3;NA;1;1;2;2;NA;NA;106;108;103;7;3;8;10;99;3;5;3;8;7;"Średnie techniczne";"Agronom ekspert";"więcej niż 250 ha";"więcej niż 250 ha";76;"powyżej 60"
"167";1948;102;103;500;500;104;NA;NA;NA;NA;NA;NA;NA;NA;NA;102;106;107;110;NA;NA;NA;NA;NA;NA;NA;5;NA;2;NA;5;4;NA;NA;5;107;105;109;104;108;NA;NA;NA;NA;NA;102;107;101;NA;NA;NA;NA;NA;NA;NA;1;3;4;5;2;3;1;3;5;5;NA;NA;NA;5;1;NA;4;1;1;NA;109;NA;NA;10;4;3;2;8;10;7;7;0;5;"Wyższe";"Agronom ekspert";"więcej niż 250 ha";"więcej niż 250 ha";74;"powyżej 60"
"168";1980;102;103;25;25;105;NA;NA;NA;NA;NA;NA;NA;NA;NA;109;107;106;103;NA;NA;NA;NA;NA;NA;NA;NA;4;NA;2;5;5;NA;4;NA;107;103;101;106;104;110;NA;NA;NA;NA;108;NA;NA;NA;NA;NA;NA;NA;NA;NA;3;1;3;2;4;5;5;4;5;5;5;NA;5;5;NA;2;1;NA;NA;4;107;108;NA;3;3;2;1;99;8;9;5;3;6;"Wyższe";"Agronom ekspert";"mniej niż 25 ha";"mniej niż 25 ha";42;"41 - 50"
"169";1973;104;104;10;8,5;109;104;NA;NA;NA;NA;NA;NA;NA;NA;106;NA;NA;NA;NA;NA;NA;NA;NA;NA;NA;NA;NA;1;NA;4;NA;NA;5;NA;104;106;107;102;109;NA;NA;NA;NA;NA;105;106;108;102;NA;NA;NA;NA;NA;NA;2;3;3;5;5;3;5;2;4;2;NA;4;NA;5;NA;2;2;NA;5;NA;102;NA;NA;8;8;3;10;1;5;6;10;2;4;"Średnie ogólne";"Właściciel";"mniej niż 25 ha";"mniej niż 25 ha";49;"41 - 50"
"170";1939;102;103;71;71;106;103;107;105;108;110;NA;NA;NA;NA;104;NA;NA;NA;NA;NA;NA;NA;NA;NA;NA;NA;4;1;3;5;5;4;NA;1;106;101;108;110;102;105;NA;NA;NA;NA;106;108;NA;NA;NA;NA;NA;NA;NA;NA;2;4;3;1;3;1;5;3;1;2;5;2;NA;NA;1;5;NA;1;NA;3;104;103;110;3;7;0;5;0;10;6;5;1;9;"Wyższe";"Agronom ekspert";"50.01 - 100 ha";"50.01 - 100 ha";83;"powyżej 60"
"171";1968;103;101;100;100;105;109;101;NA;NA;NA;NA;NA;NA;NA;106;103;NA;NA;NA;NA;NA;NA;NA;NA;4;NA;2;NA;3;1;NA;NA;3;NA;110;109;NA;NA;NA;NA;NA;NA;NA;NA;109;110;103;105;107;NA;NA;NA;NA;NA;3;5;3;4;1;2;1;2;1;1;NA;NA;NA;NA;NA;NA;NA;NA;5;1;106;101;105;8;3;1;0;0;4;3;4;8;6;"Średnie techniczne";"Dyrektor/wicedyrektor";"50.01 - 100 ha";"50.01 - 100 ha";54;"51 - 60"
"172";1992;102;102;200;200;108;107;NA;NA;NA;NA;NA;NA;NA;NA;104;102;109;NA;NA;NA;NA;NA;NA;NA;NA;4;NA;4;NA;NA;4;3;5;NA;106;110;108;102;109;104;NA;NA;NA;NA;104;105;102;109;107;NA;NA;NA;NA;NA;3;2;3;5;2;4;1;4;3;4;NA;5;NA;4;NA;4;NA;1;2;4;110;105;109;8;2;1;8;4;5;7;10;9;10;"Wyższe";"Główny agronom";"100.01 - 250 ha";"100.01 - 250 ha";30;"mniej niż 30"
"173";1966;104;102;100;100;110;NA;NA;NA;NA;NA;NA;NA;NA;NA;111;NA;NA;NA;NA;NA;NA;NA;NA;NA;NA;NA;NA;NA;NA;NA;NA;NA;NA;5;101;110;105;103;107;NA;NA;NA;NA;NA;105;101;104;103;109;107;NA;NA;NA;NA;5;4;1;1;3;2;2;2;5;4;1;NA;3;NA;2;NA;5;NA;NA;3;106;NA;NA;99;6;1;6;8;9;6;4;10;5;"Średnie ogólne";"Główny agronom";"50.01 - 100 ha";"50.01 - 100 ha";56;"51 - 60"
"174";1941;104;102;139;121;102;NA;NA;NA;NA;NA;NA;NA;NA;NA;105;103;104;110;NA;NA;NA;NA;NA;NA;NA;4;1;1;2;NA;NA;NA;NA;5;101;103;109;104;108;NA;NA;NA;NA;NA;104;NA;NA;NA;NA;NA;NA;NA;NA;NA;1;3;2;4;5;2;1;1;4;3;4;NA;4;1;NA;NA;NA;5;1;NA;101;103;110;3;9;6;1;7;2;4;1;8;10;"Średnie ogólne";"Główny agronom";"100.01 - 250 ha";"100.01 - 250 ha";81;"powyżej 60"
"175";1936;101;104;40;40;110;102;NA;NA;NA;NA;NA;NA;NA;NA;106;103;104;NA;NA;NA;NA;NA;NA;NA;NA;2;1;1;NA;1;NA;NA;NA;1;104;103;108;106;102;101;105;107;NA;NA;107;101;103;109;106;105;104;NA;NA;NA;4;2;1;3;1;5;5;1;5;5;4;5;3;4;3;2;5;5;NA;NA;108;109;NA;9;5;4;10;4;7;6;7;9;0;"Wyższe rolnicze";"Właściciel";"25.01 - 50 ha";"25.01 - 50 ha";86;"powyżej 60"
"176";1985;102;105;800;1000;101;106;110;NA;NA;NA;NA;NA;NA;NA;104;103;109;NA;NA;NA;NA;NA;NA;NA;1;NA;4;4;NA;4;NA;NA;2;5;108;109;105;106;103;NA;NA;NA;NA;NA;104;106;109;101;108;105;NA;NA;NA;NA;4;4;5;3;4;5;1;5;4;3;NA;NA;1;NA;1;5;NA;5;3;NA;106;102;NA;4;1;99;5;4;10;4;6;0;1;"Wyższe";"Pracownik techniczny";"więcej niż 250 ha";"więcej niż 250 ha";37;"31 - 40"
"177";1936;102;102;220;208;109;106;NA;NA;NA;NA;NA;NA;NA;NA;101;102;NA;NA;NA;NA;NA;NA;NA;NA;3;3;NA;NA;NA;2;NA;NA;1;NA;104;102;103;108;106;101;NA;NA;NA;NA;109;108;103;106;105;107;NA;NA;NA;NA;2;4;4;4;4;1;3;4;5;1;3;2;4;4;NA;5;NA;4;NA;NA;101;109;NA;9;3;3;3;99;10;5;0;0;2;"Wyższe";"Główny agronom";"100.01 - 250 ha";"100.01 - 250 ha";86;"powyżej 60"
"178";1979;103;104;150;150;104;105;NA;NA;NA;NA;NA;NA;NA;NA;101;103;NA;NA;NA;NA;NA;NA;NA;NA;2;NA;3;4;1;NA;NA;NA;NA;NA;103;102;104;110;105;NA;NA;NA;NA;NA;102;108;NA;NA;NA;NA;NA;NA;NA;NA;2;1;5;4;3;3;1;3;4;1;NA;1;4;1;4;NA;NA;NA;NA;3;101;110;107;3;99;10;0;1;5;5;4;7;4;"Średnie techniczne";"Właściciel";"100.01 - 250 ha";"100.01 - 250 ha";43;"41 - 50"
"179";1974;104;102;900;805;108;NA;NA;NA;NA;NA;NA;NA;NA;NA;105;101;109;104;103;NA;NA;NA;NA;NA;5;NA;4;2;2;NA;NA;1;3;NA;106;109;101;102;NA;NA;NA;NA;NA;NA;108;110;107;106;105;NA;NA;NA;NA;NA;5;5;3;1;5;4;2;3;1;3;1;2;NA;NA;NA;4;NA;NA;3;NA;103;109;106;10;3;9;4;1;5;7;9;0;7;"Średnie ogólne";"Główny agronom";"więcej niż 250 ha";"więcej niż 250 ha";48;"41 - 50"
"180";1958;103;104;200;200;105;110;NA;NA;NA;NA;NA;NA;NA;NA;106;108;101;NA;NA;NA;NA;NA;NA;NA;2;NA;NA;NA;2;4;NA;4;NA;2;103;NA;NA;NA;NA;NA;NA;NA;NA;NA;105;NA;NA;NA;NA;NA;NA;NA;NA;NA;5;2;4;1;5;5;5;4;4;5;NA;NA;1;NA;NA;NA;NA;NA;NA;NA;104;105;NA;9;99;8;0;9;9;10;8;10;4;"Średnie techniczne";"Właściciel";"100.01 - 250 ha";"100.01 - 250 ha";64;"powyżej 60"
"181";1946;103;103;10;30;104;109;107;102;NA;NA;NA;NA;NA;NA;101;NA;NA;NA;NA;NA;NA;NA;NA;NA;4;3;NA;4;NA;NA;2;NA;3;NA;108;103;106;101;105;107;NA;NA;NA;NA;101;104;106;103;NA;NA;NA;NA;NA;NA;4;5;5;1;5;4;3;3;4;3;4;NA;5;NA;4;1;5;4;NA;NA;101;NA;NA;8;1;3;10;10;7;9;9;4;9;"Średnie techniczne";"Agronom ekspert";"mniej niż 25 ha";"25.01 - 50 ha";76;"powyżej 60"
"182";1962;104;102;50;100;110;107;NA;NA;NA;NA;NA;NA;NA;NA;108;102;109;NA;NA;NA;NA;NA;NA;NA;NA;2;NA;NA;NA;NA;1;1;5;2;103;109;NA;NA;NA;NA;NA;NA;NA;NA;108;103;102;101;106;NA;NA;NA;NA;NA;5;4;1;4;1;5;1;2;4;4;NA;NA;2;NA;NA;NA;NA;NA;1;NA;103;109;NA;1;99;1;6;1;3;4;7;0;9;"Średnie ogólne";"Główny agronom";"25.01 - 50 ha";"50.01 - 100 ha";60;"51 - 60"
"183";1971;104;105;260;150;106;110;NA;NA;NA;NA;NA;NA;NA;NA;108;NA;NA;NA;NA;NA;NA;NA;NA;NA;NA;NA;NA;NA;NA;4;NA;4;NA;3;105;103;101;NA;NA;NA;NA;NA;NA;NA;101;106;105;110;NA;NA;NA;NA;NA;NA;5;4;5;4;1;2;1;3;4;3;4;NA;3;NA;4;NA;NA;NA;NA;NA;104;106;105;2;99;10;6;99;1;2;1;0;4;"Średnie ogólne";"Pracownik techniczny";"więcej niż 250 ha";"100.01 - 250 ha";51;"51 - 60"
"184";1995;101;103;270;270;109;102;NA;NA;NA;NA;NA;NA;NA;NA;104;103;108;107;105;NA;NA;NA;NA;NA;NA;2;3;5;4;NA;5;4;4;NA;106;101;NA;NA;NA;NA;NA;NA;NA;NA;109;106;108;103;105;NA;NA;NA;NA;NA;3;4;2;2;1;5;2;5;5;2;4;NA;NA;NA;NA;2;NA;NA;NA;NA;109;NA;NA;6;4;5;8;5;9;4;6;4;9;"Wyższe rolnicze";"Agronom ekspert";"więcej niż 250 ha";"więcej niż 250 ha";27;"mniej niż 30"
"185";1988;102;102;800;800;104;102;110;107;NA;NA;NA;NA;NA;NA;109;NA;NA;NA;NA;NA;NA;NA;NA;NA;NA;5;NA;3;NA;NA;5;NA;3;4;104;NA;NA;NA;NA;NA;NA;NA;NA;NA;104;103;106;NA;NA;NA;NA;NA;NA;NA;2;1;5;5;4;4;4;3;5;4;NA;NA;NA;2;NA;NA;NA;NA;NA;NA;103;108;NA;2;7;0;2;3;8;3;10;3;7;"Wyższe";"Główny agronom";"więcej niż 250 ha";"więcej niż 250 ha";34;"31 - 40"
"186";1995;103;103;253;220;107;109;103;110;108;NA;NA;NA;NA;NA;101;104;106;NA;NA;NA;NA;NA;NA;NA;5;NA;4;2;NA;4;3;2;4;3;110;105;NA;NA;NA;NA;NA;NA;NA;NA;110;104;102;103;107;106;105;NA;NA;NA;5;3;4;3;1;3;3;2;1;1;NA;NA;NA;NA;1;NA;NA;NA;NA;4;102;NA;NA;8;7;9;1;9;7;6;0;3;10;"Średnie techniczne";"Agronom ekspert";"więcej niż 250 ha";"100.01 - 250 ha";27;"mniej niż 30"
"187";1948;101;104;150;150;108;109;NA;NA;NA;NA;NA;NA;NA;NA;106;NA;NA;NA;NA;NA;NA;NA;NA;NA;NA;NA;NA;NA;NA;4;NA;2;5;NA;106;108;102;101;104;NA;NA;NA;NA;NA;108;109;102;NA;NA;NA;NA;NA;NA;NA;2;1;3;5;2;5;5;5;4;1;3;4;NA;1;NA;5;NA;4;NA;NA;102;NA;NA;3;8;10;2;0;1;3;7;2;3;"Wyższe rolnicze";"Właściciel";"100.01 - 250 ha";"100.01 - 250 ha";74;"powyżej 60"
"188";1967;103;104;170;260;103;102;NA;NA;NA;NA;NA;NA;NA;NA;107;101;108;109;105;NA;NA;NA;NA;NA;2;4;1;NA;1;NA;3;4;2;NA;110;101;105;104;108;109;106;NA;NA;NA;107;104;102;105;106;108;NA;NA;NA;NA;2;4;1;4;1;5;4;3;1;4;5;NA;NA;3;2;2;NA;4;5;5;107;110;NA;3;2;1;5;1;1;7;4;2;5;"Średnie techniczne";"Właściciel";"100.01 - 250 ha";"więcej niż 250 ha";55;"51 - 60"
"189";1987;103;104;20;18,5;104;109;107;102;NA;NA;NA;NA;NA;NA;110;106;108;NA;NA;NA;NA;NA;NA;NA;NA;3;NA;2;NA;2;5;5;3;1;110;106;107;NA;NA;NA;NA;NA;NA;NA;110;104;109;NA;NA;NA;NA;NA;NA;NA;4;4;5;4;5;2;2;2;4;4;NA;NA;NA;NA;NA;4;1;NA;NA;3;102;103;NA;5;6;6;7;0;6;9;6;9;5;"Średnie techniczne";"Właściciel";"mniej niż 25 ha";"mniej niż 25 ha";35;"31 - 40"
"190";1966;103;101;100;100;105;NA;NA;NA;NA;NA;NA;NA;NA;NA;102;NA;NA;NA;NA;NA;NA;NA;NA;NA;NA;5;NA;NA;1;NA;NA;NA;NA;NA;104;102;107;NA;NA;NA;NA;NA;NA;NA;103;NA;NA;NA;NA;NA;NA;NA;NA;NA;3;3;3;1;3;3;4;2;3;3;NA;5;NA;3;NA;NA;2;NA;NA;NA;101;106;108;99;99;6;7;5;7;6;4;3;8;"Średnie techniczne";"Dyrektor/wicedyrektor";"50.01 - 100 ha";"50.01 - 100 ha";56;"51 - 60"
"191";1985;104;101;720;720;109;108;NA;NA;NA;NA;NA;NA;NA;NA;110;105;103;101;NA;NA;NA;NA;NA;NA;1;NA;2;NA;2;NA;NA;4;5;2;109;101;105;108;102;NA;NA;NA;NA;NA;101;102;108;106;NA;NA;NA;NA;NA;NA;2;4;1;2;1;2;1;4;4;3;5;4;NA;NA;2;NA;NA;5;2;NA;200;NA;NA;3;99;8;3;6;6;2;3;5;3;"Średnie ogólne";"Dyrektor/wicedyrektor";"więcej niż 250 ha";"więcej niż 250 ha";37;"31 - 40"
"192";1998;102;102;660;820;106;109;NA;NA;NA;NA;NA;NA;NA;NA;102;105;108;NA;NA;NA;NA;NA;NA;NA;NA;2;NA;NA;4;3;NA;2;4;NA;108;103;105;NA;NA;NA;NA;NA;NA;NA;105;104;106;107;108;110;NA;NA;NA;NA;2;4;3;4;5;4;2;1;2;3;NA;NA;1;NA;5;NA;NA;4;NA;NA;107;106;103;2;2;7;4;99;7;99;8;3;9;"Wyższe";"Główny agronom";"więcej niż 250 ha";"więcej niż 250 ha";24;"mniej niż 30"
"193";1953;101;104;586;490;103;109;105;107;NA;NA;NA;NA;NA;NA;102;NA;NA;NA;NA;NA;NA;NA;NA;NA;NA;1;1;NA;2;NA;2;NA;1;NA;108;106;109;107;103;105;NA;NA;NA;NA;103;108;102;101;104;107;NA;NA;NA;NA;1;5;4;4;1;2;1;5;1;3;NA;NA;5;NA;3;1;2;2;2;NA;106;103;NA;1;10;7;5;1;10;5;9;4;999;"Wyższe rolnicze";"Właściciel";"więcej niż 250 ha";"więcej niż 250 ha";69;"powyżej 60"
"194";1965;104;104;70;70;103;107;NA;NA;NA;NA;NA;NA;NA;NA;102;108;109;106;101;NA;NA;NA;NA;NA;2;3;3;NA;NA;3;5;4;1;NA;107;103;105;108;109;102;NA;NA;NA;NA;101;108;105;109;NA;NA;NA;NA;NA;NA;4;3;3;3;4;3;3;1;1;3;NA;2;1;NA;5;NA;5;3;2;NA;102;109;103;7;99;3;3;5;7;6;1;5;6;"Średnie ogólne";"Właściciel";"50.01 - 100 ha";"50.01 - 100 ha";57;"51 - 60"
"195";1997;101;101;60;90;101;110;109;104;108;106;NA;NA;NA;NA;102;105;103;107;NA;NA;NA;NA;NA;NA;1;3;5;1;4;3;4;2;5;5;109;107;101;106;103;NA;NA;NA;NA;NA;109;NA;NA;NA;NA;NA;NA;NA;NA;NA;1;5;1;1;1;4;5;1;4;4;2;NA;3;NA;NA;3;2;NA;2;NA;110;109;NA;1;2;9;2;10;5;5;10;8;0;"Wyższe rolnicze";"Dyrektor/wicedyrektor";"50.01 - 100 ha";"50.01 - 100 ha";25;"mniej niż 30"
"196";1979;103;105;700;700;106;NA;NA;NA;NA;NA;NA;NA;NA;NA;109;110;107;NA;NA;NA;NA;NA;NA;NA;NA;NA;NA;NA;NA;5;4;NA;3;4;101;110;NA;NA;NA;NA;NA;NA;NA;NA;107;101;110;NA;NA;NA;NA;NA;NA;NA;4;1;1;3;1;1;5;3;3;2;3;NA;NA;NA;NA;NA;NA;NA;NA;5;104;102;NA;0;4;4;7;5;1;4;8;4;0;"Średnie techniczne";"Pracownik techniczny";"więcej niż 250 ha";"więcej niż 250 ha";43;"41 - 50"
